# callgrind format
version: 1
creator: callgrind-3.22.0
pid: 37374
cmd:  ./bin/vg_gwfa_pipeline_test
part: 1


desc: I1 cache: 
desc: D1 cache: 
desc: LL cache: 

desc: Timerange: Basic block 0 - 74895238
desc: Trigger: Program termination

positions: line
events: Ir
summary: 421944071


ob=(1) /usr/lib/x86_64-linux-gnu/ld-linux-x86-64.so.2
fl=(67) ./elf/./elf/dl-cache.c
fn=(572) _dl_unload_cache
525 1
+1 4
-1 1
+3 1
-3 1
+3 1
cfi=(140) ./misc/../sysdeps/unix/syscall-template.S
cfn=(574) munmap
calls=1 117 
* 6
+7 1
-6 1
+4 1
+2 1

fn=(214) _dl_load_cache_lookup
403 40
+2 8
+3 12
+69 9
+5 4
205 4
482 8
+3 12
fi=(69) ./elf/../sysdeps/x86/dl-procinfo.h
39 8
+3 12
cfi=(32) ./string/../sysdeps/x86_64/multiarch/../multiarch/strcmp-sse2.S
cfn=(94) strcmp
calls=4 +56 
* 100
* 16
fe=(67)
208 24
cfi=(11) ./elf/./elf/dl-tunables.c
cfn=(28) __tunable_get_val
calls=4 387 
* 92
* 4
+12 4
-10 4
-2 4
+12 8
-7 20
+9 20
+1 4
-32 8
+36 4
-4 4
+4 8
-5 145
+1 29
-32 58
+36 29
-4 29
+4 58
+4 99
cfn=(222) _dl_cache_libcmp
calls=33 357 
* 2603
+1 66
346 29
+3 13
220 26
347 16
220 40
+2 40
+20 8
+3 8
+2 16
cfn=(222)
calls=4 357 
* 320
* 8
-7 8
-30 12
+1 4
fi=(292) ./elf/../sysdeps/x86/dl-isa-level.h
28 8
fe=(67)
210 8
fi=(292)
28 4
fe=(67)
210 4
+1 4
-1 12
+76 12
fi=(292)
28 12
fe=(67)
259 8
+10 12
+1 16
+16 4
fi=(68) ./elf/../sysdeps/generic/dl-cache.h
125 4
fe=(67)
286 12
+9 8
+3 8
+3 4
+1 12
+28 8
500 8
+12 8
cfi=(22) ./string/../sysdeps/x86_64/multiarch/../multiarch/strlen-sse2.S
cfn=(62) strlen
calls=4 57 
* 140
+1 4
-1 4
+1 48
+1 4
-1 4
+1 4
-1 4
+1 4
cfi=(29) ./string/../sysdeps/x86_64/multiarch/memmove-vec-unaligned-erms.S
cfn=(82) memcpy
calls=4 210 
* 60
* 4
+1 4
cfi=(44) ./string/./string/strdup.c
cfn=(138) strdup
calls=4 40 
* 396
+1 32
411 4
cfi=(52) ./elf/./elf/dl-misc.c
cfn=(216) _dl_sysdep_read_whole_file
calls=1 36 
* 103
* 1
+8 5
+1 8
+3 3
+1 1
-1 3
fi=(68)
194 1
+1 5
fe=(67)
431 1
+1 2

fn=(222)
357 37
+1 37
+32 37
-33 37
+1 82
+2 196
+2 196
-2 392
+20 384
+2 384
-12 159
+2 159
+14 159
+1 159
-29 318
+32 12
-28 8
+6 4
+2 4
-2 4
+1 4
-1 4
+1 4
-1 4
+2 12
+2 4
-3 4
+3 12
+2 8
+9 99

fl=(13) ./elf/./elf/dl-sort-maps.c
fn=(26) _dl_sort_maps_init
289 2
+1 2
-1 2
+1 2
cfi=(11)
cfn=(28)
calls=1 +97 
* 24
+2 3
-1 1
+2 2

fn=(234) dfs_traversal.part.0
135 108
+10 12
-2 12
+2 24
+2 36
-7 58
+7 108
+9 24
+15 36
+1 12
+1 78
cfn=(235) dfs_traversal.part.0'2
calls=2 -38 
* 97
-26 10
+9 18

fn=(235)
135 18
+10 2
-2 2
+2 4
+2 8
-7 12
+7 24
+9 4
+15 6
+1 2
+1 12
-17 3

fn=(232) _dl_sort_maps
298 24
+8 2
-8 2
+8 4
+4 16
-99 2
-28 2
-2 2
+1 4
+29 2
-28 8
+1 2
-1 2
+1 2
-1 4
+1 12
-1 12
+1 12
-1 24
+28 30
+8 6
-3 2
+2 2
+1 4
-3 2
+5 44
+2 14
-83 64
cfn=(234)
calls=12 -5 
* 633
+86 40
+18 8
+32 8
+7 2
+27 2
-47 6
cfi=(29)
cfn=(82)
calls=2 -53 
* 38
* 2

fl=(25) ./elf/./elf/dl-environ.c
fn=(70) _dl_next_ld_env_entry
28 3
+1 3
+3 49
+13 39
-13 78
+2 82
+1 18
+5 2
-3 2
+3 2
+2 2

fl=(48) ./elf/./elf/dl-audit.c
fn=(152) _dl_audit_activity_map
29 2
+2 1
-2 5
+1 1
+1 2
+6 6

fn=(1322) _dl_audit_preinit
118 1
+1 4

fn=(1806) _dl_audit_objclose
97 7
+1 28

fn=(198) _dl_audit_objopen
77 5
+1 20

fn=(570) _dl_audit_activity_nsid
41 3
+4 12
+1 3
+1 15

fl=(22)
fn=(62)
57 30
+44 30
+1 30
+1 30
+1 30
+1 30
+1 30
+1 30
+2 30
+2 30
+31 29
+1 29
+1 29
+1 29
+1 29
+1 15
+2 15
+4 14
+1 14
+1 14
+1 14
+1 14
+1 14
+1 14
+1 14
+1 14
+1 14
+1 14
+1 14
+5 112
+4 1
+1 14
+1 8

fl=(70) ./io/../sysdeps/unix/sysv/linux/pread64_nocancel.c
fn=(226) __pread64_nocancel
25 4
+1 8
+1 2

fl=(23) ./elf/../misc/sbrk.c
fn=(64) sbrk
37 4
+3 1
-3 2
+21 2
+4 2
+16 5

fl=(38) ./elf/../sysdeps/x86_64/dl-hwcaps-subdirs.c
fn=(110) _dl_hwcaps_subdirs_active
29 1
fi=(19) ./elf/../sysdeps/x86/get-isa-level.h
+2 1
fe=(38)
+7 1
fi=(19)
-8 4
fe=(38)
+22 1
fi=(19)
-20 3
+4 1
fe=(38)
+2 1
fi=(19)
-2 2
+3 4
+1 4
+5 1
fe=(38)
-7 1
fi=(19)
+7 3
fe=(38)
-2 1
fi=(19)
+5 2
+3 5
+2 4
+1 2
+1 2
+3 1
fe=(38)
-10 1
fi=(19)
+10 3
fe=(38)

fl=(8) ./elf/./elf/dl-setup_hash.c
fn=(14) _dl_setup_hash
25 7
+3 7
-3 7
+3 14
+3 21
+1 14
+2 7
-1 7
+3 21
+1 7
+1 14
+7 7
-5 7
-2 7
+3 14
+2 7
+2 14
+5 7

fl=(65) ./io/../sysdeps/unix/sysv/linux/stat64.c
fn=(210) stat
28 6
+1 12
cfi=(66) ./io/../sysdeps/unix/sysv/linux/fstatat64.c
cfn=(212) fstatat
calls=3 146 
* 28

fl=(46) ./elf/../elf/dl-tls.c
fn=(438) _dl_add_to_slotinfo
1017 24
+9 3
-9 3
+6 3
+4 3
+4 9
+34 6
+3 6
+1 9
+3 18

fn=(528) _dl_allocate_tls_init
523 11
+1 2
+4 1
+6 1
-6 1
+6 1
cfi=(24) ./elf/../sysdeps/nptl/dl-tls_init_tp.c
cfn=(86) rtld_mutex_dummy
calls=1 42 
* 3
+3 3
+12 1
-18 1
+42 3
-19 12
+9 9
+1 6
+6 9
+3 3
-2 3
+2 3
-2 3
+2 12
+4 3
-4 3
+4 3
-1 6
+4 6
+1 12
+2 6
+1 6
+17 3
-8 3
+8 3
+2 12
cfi=(29)
cfn=(126) mempcpy
calls=3 197 
* 39
* 18
cfi=(43) ./string/../sysdeps/x86_64/multiarch/../multiarch/memset-vec-unaligned-erms.S
cfn=(130) memset
calls=3 132 
* 52
-49 3
+55 3
-55 12
+6 9
+55 2
cfi=(24)
cfn=(86)
calls=1 42 
* 3
+3 2
+3 9

fn=(146) _dl_count_modids
192 1
+2 2
+1 1
+15 2

fn=(248) _dl_tls_static_surplus_init
97 2
+3 1
-3 3
+3 1
-3 1
+3 1
-3 1
+3 1
-3 1
+3 1
cfi=(11)
cfn=(28)
calls=1 387 
* 23
* 1
+1 4
cfi=(11)
cfn=(28)
calls=1 387 
* 23
+1 1
+2 1
-3 1
+1 2
+2 3
+3 1
+2 1
-26 3
+28 3
+1 6

fn=(250) _dl_determine_tlsoffset
216 9
+6 4
+3 2
+36 3
+2 1
-2 1
-2 1
-40 1
-1 1
-1 1
+46 2
+23 9
+3 3
-3 15
+2 6
+6 3
-33 6
+20 3
-20 15
+2 6
+3 3
-1 3
+5 6
-5 3
+1 3
-1 3
+3 6
+2 9
+32 2
-1 1
+53 1
-52 5
+2 2
+51 8

fn=(224) _dl_assign_tls_modid
125 3
+16 3
-13 3
-3 9
+3 3
+55 3
-2 3
+5 3
+1 6

fn=(252) _dl_allocate_tls_storage
417 7
+2 1
+11 1
+1 1
fi=(28) ./elf/../include/rtld-malloc.h
56 1
cfi=(27) ./elf/./elf/dl-minimal-malloc.c
cfn=(78) __minimal_malloc
calls=1 -20 
* 86
fe=(46)
432 2
+8 3
fi=(28)
44 1
fe=(46)
440 2
+5 1
-5 1
+1 1
+4 304
+19 1
-99 1
+4 1
+1 1
fi=(28)
44 1
cfi=(27)
cfn=(74) __minimal_calloc
calls=1 +36 
* 41
fe=(46)
371 2
+3 1
+6 2
+90 7

fl=(39) ./elf/./elf/dl-hwcaps_split.c
fn=(120) _dl_hwcaps_split
25 5
+1 3
+21 1
-20 1
+20 3

fn=(114) _dl_hwcaps_split_masked
51 110
-25 44
+36 5
-7 5
+7 35
-26 24
+5 27
cfi=(41) ./string/../sysdeps/x86_64/multiarch/../multiarch/strchr-sse2.S
cfn=(118) index
calls=9 -9 
* 216
* 9
+1 18
+3 6
+11 12
+1 18
+1 12
-2 6
+1 9
+1 6
-28 24
+4 48
+1 12
-1 30
+24 6
+9 12
-5 6
-2 6
+2 42
-19 6
cfi=(22)
cfn=(62)
calls=3 +14 
* 51
* 6

fl=(41)
fn=(118)
32 29
+1 29
+1 29
+1 29
+1 29
+1 29
+1 29
+1 29
+1 29
+1 29
+1 29
+1 29
+1 29
+1 29
+1 29
+1 29
+1 29
+1 29
+1 24
+4 24
+1 24
+1 24
+1 24
+2 24
+4 5
+1 5
+1 5
+1 5
+1 5
+1 5
+1 5
+1 5
+1 5
+1 5
+1 5
+1 5
+1 5
+1 5
+1 5
+1 5
+1 5
+1 5
+1 5
+1 5
+1 5
+1 5
+1 5
+1 5
+52 5
+4 5
+1 5
+1 5
+1 5
+2 5

fl=(73) ./elf/./elf/dl-version.c
fn=(240) _dl_check_all_versions
392 7
+4 5
-2 1
+4 42
cfn=(242) _dl_check_map_versions
calls=7 155 
* 26823
-2 7
+2 21
-1 7
-1 14
+5 7

fn=(242)
155 70
+15 21
+2 35
+2 7
+1 7
+2 14
+3 10
-16 10
+20 5
-4 5
-24 5
+28 35
+16 10
36 5
200 5
36 35
200 16
36 8
200 8
36 56
+1 59
-1 118
+2 216
cfi=(52)
cfn=(168) _dl_name_match_p
calls=72 +30 
* 7008
* 157
208 39
+5 13
fi=(293) ./elf/../sysdeps/generic/_itoa.h
76 39
fe=(73)
213 26
+4 26
+1 26
-1 26
+4 13
-3 13
+3 13
-3 39
-1 90
+1 90
-1 90
+4 45
-3 45
+3 45
-3 230
56 232
+8 174
+6 174
+16 58
+1 116
+2 58
+5 406
+14 1972
+12 2784
+4 928
-30 1856
231 232
+3 174
+5 45
-24 45
110 58
+3 290
cfi=(32)
cfn=(94)
calls=58 -15 
* 2251
* 174
224 174
+1 3
cfi=(32)
cfn=(94)
calls=1 98 
* 71
* 2
+3 28
+15 39
+5 8
-50 8
+59 25
+3 10
+3 35
+3 20
+4 5
-7 20
+3 15
+4 124
-7 496
+3 377
+8 15
+6 12
fi=(28)
44 6
fe=(73)
280 12
fi=(28)
44 6
cfi=(27)
cfn=(74)
calls=6 +36 
* 301
fe=(73)
281 12
-2 6
fi=(28)
44 6
fe=(73)
281 6
+13 6
-3 6
+3 24
+2 12
+3 20
+4 39
+7 58
+1 58
-1 174
+1 58
+1 58
-2 58
+2 116
+1 174
+3 174
+5 45
-15 45
+2 45
-2 45
+2 45
-2 45
+2 90
-2 13
+2 13
-2 13
+2 13
-2 13
+2 26
+16 39
+5 8
-28 8
+33 10
+3 10
+4 129
+6 129
+1 129
+1 129
-1 387
+1 129
-1 129
+1 129
+1 129
+3 387
+4 129
-14 268
+10 15
+12 10
+1 10
+1 10
+1 4
+19 63
164 2
-8 2
257 5
+17 3
+60 2
-40 2
+76 4
+2 4
+4 2
-4 120
+1 60
+2 1
+1 2
-1 1
+1 1
cfi=(32)
cfn=(244) strncmp
calls=1 98 
* 32
* 2

fl=(2) ./elf/./elf/rtld.c
fn=(66) dl_main
1346 2
197 1
1346 11
199 1
302 1
+1 1
197 1
+99 3
1357 1
cfi=(24)
cfn=(68) __tls_pre_init_tp
calls=1 53 
* 17
2749 1
2538 1
2749 2
2598 1
+2 2
+15 1
-13 2
cfi=(25)
cfn=(70)
calls=1 28 
* 41
* 4
cfi=(25)
cfn=(70)
calls=2 28 
* 239
* 9
+4 6
-2 2
+2 6
+1 2
-1 6
+1 17
-1 89
+9 12
2727 3
1373 1
+1 2
-1 2
+1 2
2687 3
-47 2
+10 2
1637 9
cfi=(26) ./elf/./elf/dl-object.c
cfn=(72) _dl_new_object
calls=1 59 
* 210
* 1
+2 2
+1 3
+6 1
-5 2
+1 3
+4 1
cfi=(26)
cfn=(84) _dl_add_to_namespace_list
calls=1 31 
* 42
+1 2
1116 1
-1 1
1351 1
1143 1
-21 2
+21 2
-19 1
+1 1
-3 1
+21 2
+57 1
-82 1
+25 1
-3 1
+4 1
+19 1
+37 4
-56 102
+56 4
-1 4
+1 8
-1 4
+2 8
+1 1
+2 12
+1 14
+4 8
+1 8
+1 4
+4 12
-72 27
1253 2
+1 22
+6 4
cfi=(30) ./elf/./elf/dl-load.c
cfn=(88) _dl_process_pt_gnu_property
calls=1 868 
* 90
-7 26
+1 13
+6 13
-6 26
fi=(31) ./elf/../sysdeps/x86/dl-prop.h
235 4
+1 2
-87 4
fe=(2)
1148 1
-5 1
+5 2
-5 2
+30 1
-9 2
+2 1
-3 1
+10 2
+18 2
-38 2
-10 1
+10 1
+1 9
-11 2
+1 14
1247 1
1143 1
1247 2
1143 3
1266 4
+3 3
+2 3
1672 3
+2 2
-1 1
+1 1
+1 3
-2 2
cfi=(32)
cfn=(94)
calls=1 98 
* 25
* 2
+7 1
+3 1
-5 1
+3 1
+2 1
+1 2
+4 2
+2 2
fi=(3) ./elf/./get-dynamic-info.h
39 4
+4 1
+2 1
+9 1
+1 1
-10 2
+23 29
-23 116
+4 58
+3 6
-1 12
+3 24
+1 20
fe=(2)
1243 1
1143 1
1243 1
1143 2
fi=(3)
72 4
+43 2
+7 3
+1 4
+6 3
+18 4
+5 2
+2 2
+2 2
+2 2
+1 2
+3 4
+2 3
+1 2
+9 2
+6 2
+1 3
+3 3
fe=(2)
1698 4
+7 2
cfi=(8)
cfn=(14)
calls=1 25 
* 27
+3 2
fi=(33) ./elf/./setup-vdso.h
24 2
fi=(36) ./elf/./dl-main.h
+85 2
fi=(35) ./elf/../sysdeps/unix/sysv/linux/dl-vdso-setup.h
-64 1
fi=(36)
+64 3
cfi=(30)
cfn=(106) _dl_init_paths
calls=1 706 
* 2322
fe=(2)
1733 3
cfi=(45) ./elf/./elf/dl-debug.c
cfn=(144) _dl_debug_initialize
calls=1 56 
* 34
+7 1
-5 1
-2 1
+7 1
+4 1
+1 1
+2 1
-3 3
+1 2
+3 1
+11 1
-13 1
+13 1
+1 2
+5 1
-3 2
+2 1
+1 2
+5 3
+1 5
-1 2
224 1
+1 1
-1 1
+1 3
+1 2
1788 2
+5 1
-1 1
1352 1
1793 1
+24 1
cfi=(46)
cfn=(146)
calls=1 192 
* 6
* 1
fi=(47) ./elf/../sysdeps/generic/dl-debug.h
29 4
+1 1
fe=(2)
1823 1
+1 1
cfi=(45)
cfn=(150) _dl_debug_state
calls=1 116 
* 2
+1 1
+4 3
cfi=(48)
cfn=(152)
calls=1 29 
* 17
+5 3
+2 1
+2 2
+9 2
+16 4
cfi=(63) ./io/../sysdeps/unix/sysv/linux/access.c
cfn=(200) access
calls=1 25 
* 9
* 2
+76 4
+16 3
85 1
1965 1
85 2
1965 1
85 1
1965 5
85 1
1965 2
cfi=(64) ./elf/./elf/dl-deps.c
cfn=(202) _dl_map_object_deps
calls=1 143 
* 30192
92 1
+9 1
1971 1
92 2
+9 2
1971 2
+1 6
-1 4
+1 12
-1 24
+4 3
+1 2
+1 1
+2 26
+1 12
+46 1
-42 2
+8 3
+1 2
+2 1
+2 3
+2 1
-4 1
+5 1
-1 2
+14 2
+1 2
+1 3
-25 1
+36 2
+2 1
-2 1
+2 2
-2 1
+1 2
+1 1
-1 2
+1 1
cfi=(50) ./elf/./elf/dl-catch.c
cfn=(236) _dl_receive_error
calls=1 186 
* 26971
+10 1
+1 1
-1 1
+1 1
+3 2
837 1
fi=(294) ./elf/../sysdeps/unix/sysv/linux/dl-osinfo.h
39 2
fe=(2)
839 1
fi=(294)
52 1
fe=(2)
848 1
+7 1
-5 1
2047 3
2246 2
+4 1
-4 1
+10 1
-6 1
+6 1
-6 1
+9 2
+8 2
fi=(31)
36 2
+1 3
+3 3
+13 9
-13 6
+9 12
-9 1
+9 28
+4 24
-16 21
+34 1
fe=(2)
2279 1
fi=(31)
71 1
cfi=(76) ./elf/../sysdeps/x86_64/dl-cet.c
cfn=(260) _dl_cet_check
calls=1 361 
* 55
fe=(2)
2282 1
-3 2
+5 1
-2 2
+2 2
+1 6
cfi=(77) ./elf/./elf/dl-reloc.c
cfn=(262) _dl_relocate_object
calls=1 207 
* 78908
85 2
2292 1
85 2
2292 1
+1 20
+2 14
+5 14
+2 14
+6 7
+2 14
+1 48
cfi=(77)
cfn=(262)
calls=6 207 
* 1695320
+4 20
+1 6
-23 3
+23 3
cfi=(46)
cfn=(438)
calls=3 1017 
* 84
-23 7
92 3
+1 1
2325 1
93 1
2325 1
+4 4
+2 1
+7 4
cfi=(46)
cfn=(528)
calls=1 523 
* 306
+3 2
+4 3
+2 2
+33 3
cfi=(169) ./elf/./elf/dl-call-libc-early-init.c
cfn=(552) _dl_call_libc_early_init
calls=1 27 
* 603
+7 1
cfi=(9) ./elf/../sysdeps/unix/sysv/linux/dl-sysdep.c
cfn=(568) _dl_sysdep_start_cleanup
calls=1 147 
* 2
+3 3
cfi=(48)
cfn=(570)
calls=1 41 
* 11
+4 2
cfi=(45)
cfn=(196) _dl_debug_update
calls=1 38 
* 7
+1 1
-1 1
+2 1
cfi=(45)
cfn=(150)
calls=1 116 
* 2
+1 1
+4 1
cfi=(67)
cfn=(572)
calls=1 525 
* 19
+5 8
2304 1
+1 1
-3 2
226 2
-2 1
+1 1
1773 1
+6 1
-6 2
+6 1
fi=(3)
56 5
+3 4
fi=(34) ./elf/../sysdeps/unix/sysv/linux/dl-vdso.h
-19 2
+1 5
fi=(35)
-11 1
+3 1
+3 1
+3 1
fi=(34)
+16 2
fi=(3)
+17 3
+12 3
+1 5
+1 5
+1 5
+1 4
+1 5
+1 5
+1 5
+12 2
+7 1
-7 7
+7 2
fe=(2)
1743 4
2357 1
cfi=(163) ./elf/./elf/dl-find_object.c
cfn=(530) _dl_find_object_init
calls=1 561 
* 1041
+5 3
cfi=(7) ./elf/./elf/dl-minimal.c
cfn=(538) __rtld_malloc_init_real
calls=1 76 
* 3175
+3 1
cfi=(167) ./elf/../sysdeps/nptl/dl-mutex.c
cfn=(546) __rtld_mutex_init
calls=1 30 
* 503
85 1
2371 1
+1 3
85 3
2372 2
cfi=(77)
cfn=(262)
calls=1 207 
* 1871
92 3
+9 3
2687 2
+2 1
+1 1
-1 1
+1 1
+1 1
2040 2
cfn=(246) init_tls
calls=1 734 
* 923
* 2
2650 2
+2 2
+1 1
fi=(3)
62 4
+2 4
fe=(2)
1943 10
85 1
1842 2
85 3
1842 2
cfn=(154) handle_preload_list
calls=1 869 
* 3098
* 1
92 3
+9 3
1943 6
+1 1
-1 1
+4 3
+1 1
+1 2
+1 2
-7 2

fn=(154)
869 11
+5 1
-5 2
+5 2
-4 3
+7 3
cfi=(49) ./string/../string/strcspn.c
cfn=(156) strcspn
calls=1 32 
* 254
* 1
+1 3
+9 1
183 1
889 2
183 2
891 2
-80 1
+5 1
-6 1
-4 1
+10 2
-6 1
+4 1
+2 2
-5 1
+1 1
+4 1
cfi=(50)
cfn=(158) _dl_catch_error
calls=1 254 
* 2754
+1 3
+8 3
+67 1
-18 2
+21 9
-15 4
cfi=(29)
cfn=(82)
calls=1 210 
* 19
+1 2

fn=(246)
734 1
+6 1
-6 3
+2 2
+4 2
+11 1
fi=(28)
44 1
fe=(2)
746 1
+4 1
fi=(28)
44 1
cfi=(27)
cfn=(74)
calls=1 +36 
* 41
fe=(2)
761 1
-12 1
+6 1
-9 1
+11 1
+4 1
+2 3
-1 2
+3 14
+4 3
+2 3
-2 6
-5 3
-1 6
+10 3
+3 2
cfi=(46)
cfn=(248)
calls=1 97 
* 86
+3 1
cfi=(46)
cfn=(250)
calls=1 216 
* 147
+7 1
cfi=(46)
cfn=(252)
calls=1 417 
* 470
* 1
+1 2
+6 1
fi=(74) ./elf/../sysdeps/generic/dl-call_tls_init_tp.h
31 2
fe=(2)
793 1
fi=(74)
31 6
+2 1
cfi=(24)
cfn=(256) __tls_init_tp
calls=1 +35 
* 79
fe=(2)
800 1
-3 1
+3 4
-36 4
-1 9

fn=(2) _dl_start
517 16
85 1
547 4
85 1
543 1
fi=(6) ./elf/../sysdeps/x86_64/dl-machine.h
55 1
fe=(2)
+30 1
546 1
85 1
fi=(3)
-40 1
fe=(2)
546 1
fi=(3)
45 2
+23 18
-23 72
+4 36
+3 5
-1 10
+3 20
+1 16
+1 5
fi=(4) ./elf/../sysdeps/generic/ldsodefs.h
+23 1
fi=(3)
+31 1
-38 3
+12 4
+1 3
+1 4
+1 4
+1 5
+1 3
+1 4
+1 4
+12 7
+7 2
-51 4
+64 3
+6 3
+1 3
+3 2
+1 3
+5 5
+3 5
fe=(2)
563 154
fi=(4)
79 1
fe=(2)
563 1
fi=(4)
79 2
fe=(2)
563 27
fi=(6)
287 3
fi=(5) ./elf/./elf/do-rel.h
49 1
fe=(2)
563 1
fi=(5)
50 1
-1 2
+4 1
-3 1
+3 4
+3 2
-7 1
fe=(2)
563 1
fi=(5)
50 1
-1 2
+4 1
-3 1
+3 4
+3 2
+7 3
+2 3
-2 6
fi=(6)
278 3
fi=(5)
64 6
fi=(6)
278 6
+9 24
+3 6
+1 6
+26 8
+6 2
fi=(5)
61 13
fe=(2)
563 6
fi=(5)
51 1
fi=(4)
+28 2
fi=(3)
-17 4
+2 4
fe=(2)
565 1
+13 1
cfi=(7)
cfn=(12) __rtld_malloc_init_stubs
calls=1 42 
* 10
458 2
85 1
476 2
85 3
476 1
cfi=(8)
cfn=(14)
calls=1 25 
* 27
+2 1
+16 2
-17 1
+11 1
-10 1
+16 1
cfi=(9)
cfn=(16) _dl_sysdep_start
calls=1 102 
* 1880923
* 1
+2 2
+89 9
fi=(3)
103 3
fe=(2)

fn=(164) map_doit
641 2
+2 1
-2 4
+2 1
+1 2
-1 2
+1 3
cfi=(30)
cfn=(166) _dl_map_object
calls=1 1967 
* 2643
* 1
+2 3

fn=(238) version_check_doit
674 2
+2 1
-2 4
+2 3
cfi=(73)
cfn=(240)
calls=1 392 
* 26934
* 2
+4 3

fl=(57) ./misc/../sysdeps/unix/sysv/linux/mmap64.c
fn=(182) mmap
47 26
+3 52
-3 156
+6 52
+5 156
+2 104
-7 55

fl=(24)
fn=(86)
42 178
+2 356

fn=(256)
68 2
fi=(295) ./elf/../include/list.h
-24 1
fe=(24)
+24 3
fi=(295)
-25 1
fe=(24)
+26 1
+3 1
fi=(295)
-29 1
+1 1
+1 1
+2 1
fe=(24)
+28 4
+1 2
+1 1
+5 2
+5 1
+6 1
-3 1
+3 1
-6 3
+6 1
+12 4
cfi=(11)
cfn=(28)
calls=1 387 
* 24
fi=(75) ./elf/../sysdeps/unix/sysv/linux/rseq-internal.h
-73 3
+8 1
fe=(24)
+81 3
+7 2
+1 3
fi=(75)
-95 7
+3 2
fe=(24)

fn=(68)
53 3
+3 8
+5 1
-5 1
+5 1
+1 1
-6 1
+8 1

fl=(55) ./io/../sysdeps/unix/sysv/linux/fstat64.c
fn=(178) fstat
30 6
+9 24
+33 6

fl=(15) ./elf/../sysdeps/x86/dl-get-cpu-features.c
fn=(34) _dl_x86_init_cpu_features
37 1
+2 3
+2 1
cfi=(16) ./elf/../sysdeps/x86/cpu-features.c
cfn=(36) init_cpu_features.constprop.0
calls=1 682 
* 7344

fn=(550) __x86_cpu_features
71 1
-32 3
+32 2

fl=(163)
fn=(534) _dlfo_process_initial
474 2
+3 2
-3 6
+1 2
+3 4
+26 14
+1 6
+1 14
-1 28
+3 52
+3 48
-7 10
+27 2
-2 2
+2 6
-18 36
+3 12
-1 12
cfi=(164) ./elf/./dl-find_object.h
cfn=(532) _dl_find_object_from_map
calls=6 95 
* 373
+2 24

fn=(536) _dlfo_sort_mappings
536 1
+1 2
+3 4
+4 1
+1 1
-1 1
+1 2
-1 4
+1 4
-1 4
+1 18
+1 75
+3 5
-1 5
-3 45
+8 15
+1 10
-1 5
-13 10
+14 15
+1 10
-15 10
+17 1

fn=(530)
561 2
+3 1
-3 3
+5 2
+13 1
cfn=(534)
calls=1 474 
* 129
+1 1
-1 1
+1 1
fi=(28)
56 1
cfi=(27)
cfn=(78)
calls=1 -20 
* 30
fe=(163)
580 1
fi=(28)
56 1
fe=(163)
582 2
+3 2
+5 1
+1 1
cfn=(534)
calls=1 474 
* 526
+3 3
+10 4
-37 2
cfi=(164)
cfn=(532)
calls=1 95 
* 68
* 1
+29 2
cfn=(536)
calls=1 -60 
* 248
+3 6
+2 1

fl=(281) ./elf/./elf/dl-fini.c
fn=(1774) _dl_fini
26 5
+17 1
-17 6
+20 13
+3 2
cob=(2) /usr/lib/x86_64-linux-gnu/libc.so.6
cfi=(282) ./nptl/./nptl/pthread_mutex_lock.c
cfn=(1776) pthread_mutex_lock@@GLIBC_2.2.5
calls=1 +28 
* 44
+2 1
+3 2
+2 5
+7 3
-2 1
+2 1
cfi=(48)
cfn=(570)
calls=1 -22 
* 11
+5 15
+5 1
-5 1
+5 3
+2 14
+2 14
+2 14
+1 7
+1 7
+4 7
-12 21
+14 6
+1 4
+6 6
cfi=(13)
cfn=(232)
calls=1 298 
* 556
+9 2
cob=(2)
cfi=(283) ./nptl/./nptl/pthread_mutex_unlock.c
cfn=(1778) pthread_mutex_unlock@@GLIBC_2.2.5
calls=1 367 
* 34
+5 6
+2 1
+2 2
-2 6
+2 12
+2 28
cfi=(284) ./elf/./elf/dl-call_fini.c
cfn=(1780) _dl_call_fini
calls=7 -90 
* 10126
+3 14
cfi=(48)
cfn=(1806)
calls=7 -20 
* 35
-9 14
+14 7
-14 21
+18 3
cfi=(48)
cfn=(570)
calls=1 -85 
* 11
* 2
+6 4
+2 1
-2 2
+6 2
+7 8
-77 2

fl=(54) ./io/../sysdeps/unix/sysv/linux/read_nocancel.c
fn=(174) __read_nocancel
25 5
+1 20
+1 5

fl=(27)
fn=(142) __minimal_free
97 3
+2 12

fn=(78)
36 336
+1 126
+11 123
+3 41
-3 41
+3 82
-3 2
+3 1
-3 1
+3 158
+19 42
+1 42
+2 252
-17 12
+1 6
+2 3
+1 21
cfi=(57)
cfn=(182)
calls=3 -13 
* 78
* 3
+2 6
+2 12
cfi=(58) ./misc/../sysdeps/unix/sysv/linux/setvmaname.c
cfn=(184) __set_vma_name
calls=3 -31 
* 61
+1 9
+2 2
+4 2
-4 4
-24 1
-1 1
+1 1
+1 2
-2 2
+28 1
-3 2
+4 2

fn=(74)
80 17
+4 17
-4 68
+7 17
+1 51
fi=(28)
-32 17
cfi=(27)
cfn=(78)
calls=17 -20 
* 672
fe=(27)

fl=(58)
fn=(184)
33 3
+2 11
-2 4
+7 1
-7 2
+7 1
-7 2
+7 1
-7 1
+7 1
cfi=(11)
cfn=(28)
calls=1 387 
* 24
* 3
+7 1
+2 6

fl=(30)
fn=(204) _dl_dst_count
238 26
+3 13
-3 65
+7 13
-7 26
+3 13
cfi=(41)
cfn=(118)
calls=13 32 
* 408
+3 26
+20 117

fn=(88)
868 6
+8 6
-8 12
+8 6
-6 6
+12 12
-13 6
+13 6
-13 6
+13 12
+3 18
+1 12
+1 12
+3 18
+1 18
+4 6
+1 12
+22 6
+2 6
-2 12
+2 18
-20 18
+1 9
+3 18
+3 9
+1 36
fi=(31)
95 36
+7 18
+16 9
-3 18
254 12
+1 6
+2 24
+3 6
-8 6
+5 3
-4 3
+4 9
+3 3
-2 3
fe=(30)

fn=(136) expand_dynamic_string_token
385 18
241 4
385 2
241 2
cfi=(41)
cfn=(118)
calls=2 32 
* 72
+3 4
410 2
-11 2
+11 12
-11 2
cfi=(44)
cfn=(138)
calls=2 40 
* 180

fn=(132) fillin_rpath.isra.0
468 9
+4 1
-4 8
+6 3
cfi=(7)
cfn=(134) strsep
calls=1 239 
* 240
* 3
cfi=(7)
cfn=(134)
calls=1 239 
* 8
* 6
+7 2
+2 3
cfn=(136)
calls=1 -98 
* 125
* 1
+4 2
+5 2
cfi=(22)
cfn=(62)
calls=1 57 
* 17
* 1
+1 2
+7 5
+9 15
+1 8
fi=(28)
50 2
cfi=(27)
cfn=(142)
calls=1 +47 
* 5
+1 1
fe=(30)
528 4
+4 4
fi=(28)
56 1
cfi=(27)
cfn=(78)
calls=1 -20 
* 30
* 1
fe=(30)
534 2
+5 1
+1 2
-1 1
-1 1
+2 1
cfi=(29)
cfn=(126)
calls=1 197 
* 13
+3 1
-3 1
+1 1
+2 1
+6 1
+1 1
-1 3
+1 5
+1 1
-1 1
+1 1
-1 3
+1 1
-1 2
+1 1
+2 2
+1 3
+1 1
+6 2
+1 1
+3 3
-60 2
-22 2
+88 1
+3 8
-24 2

fn=(166)
1967 168
+8 28
+1 56
+3 304
+5 413
+2 177
cfi=(52)
cfn=(168)
calls=59 68 
* 5932
* 118
+4 100
+1 150
+4 27
-1 135
+1 27
+1 27
-1 27
+1 54
cfi=(32)
cfn=(94)
calls=27 98 
* 867
* 54
2270 131
2011 15
-1 10
+9 5
-50 5
+50 10
+17 10
-2 5
+2 5
cfi=(41)
cfn=(118)
calls=5 32 
* 120
* 10
2202 2
-1 3
cfn=(136)
calls=1 385 
* 175
+6 1
-7 1
+1 1
+2 2
+4 7
cfn=(170) open_verify.constprop.0
calls=1 1572 
* 106
+3 2
-3 1
+3 1
+12 4
+45 1
+1 5
-1 1
+1 8
cfn=(176) _dl_map_object_from_fd
calls=1 944 
* 1940
-1 4
+1 20
-1 4
+1 32
cfn=(176)
calls=4 944 
* 8888
* 15
2040 8
cfi=(22)
cfn=(62)
calls=4 57 
* 68
* 8
+2 8
+7 16
+51 52
cfn=(208) open_path
calls=4 1812 
* 1312
+6 4
-6 4
+6 8
2222 16
+46 8
682 4
2107 4
682 8
2135 8
cfi=(67)
cfn=(214)
calls=4 403 
* 5130
* 4
+2 8
+4 8
+31 4
-23 8
+23 28
cfn=(170)
calls=4 1572 
* 461
+4 8
-4 4
+4 4
+1 4
+17 8
2074 20
682 4
2075 4
682 12
2099 8
+1 8
-47 4
+1 4
696 20
2058 12
682 4
2059 4
682 8
2073 20
+1 8
+41 4
+14 8
+2 12
-47 8

fn=(170)
1572 110
+32 11
-32 22
+32 22
+19 44
cfi=(53) ./io/../sysdeps/unix/sysv/linux/open64_nocancel.c
cfn=(172) __open_nocancel
calls=11 28 
* 238
* 11
+2 22
+8 5
+1 10
+5 5
-5 5
+5 25
cfi=(54)
cfn=(174)
calls=5 25 
* 30
+2 10
+2 10
+2 10
+6 10
+17 65
+81 10
+5 10
+6 20
+6 10
+6 5
+1 5
-1 15
+1 15
+26 99
-22 13
+1 2
-1 1
+1 1
cfi=(70)
cfn=(226)
calls=1 25 
* 7
* 2
1668 9
-59 12
1777 2

fn=(176)
944 50
+15 5
-15 10
+15 5
-15 10
+15 10
+77 20
+10 10
+7 35
cfi=(26)
cfn=(72)
calls=5 59 
* 1880
* 5
+1 10
+11 5
+5 5
-4 5
-1 5
+2 5
+2 5
-2 5
+2 10
+1 15
+1 8
+19 8
-2 4
+2 42
-2 1
+2 55
+10 5
-10 5
+10 15
+27 5
-33 5
-3 5
+2 5
-1 5
+35 5
+9 5
-50 5
+41 5
+9 5
-36 5
+63 25
-62 200
+26 140
+8 40
+1 20
-1 20
+1 80
+1 20
-1 20
+1 20
+2 20
-2 20
+2 20
+2 20
-4 20
+1 20
+3 20
-4 20
+4 100
+2 40
+13 40
+1 75
+5 15
+1 135
-28 30
-35 45
+62 5
+1 45
-28 10
-35 120
+1 307
1213 5
1100 5
1213 10
1100 15
1218 35
+10 15
+1 5
-1 5
+1 5
-1 15
+1 15
-1 15
+1 15
-1 45
1066 10
1235 10
+10 20
+7 20
fi=(59) ./elf/./dl-map-segments.h
28 5
fe=(30)
1252 15
fi=(59)
28 10
+1 40
cfi=(57)
cfn=(182)
calls=5 +18 
* 140
+73 10
-1 5
-72 5
+73 5
+3 10
+1 5
+2 5
-3 5
+1 5
+2 5
+17 5
-44 5
fi=(60) ./elf/./dl-load.h
+10 40
fi=(59)
+58 80
+6 5
+2 5
-2 5
+1 5
+2 10
-1 10
+3 10
+5 10
+3 15
+8 30
cfi=(43)
cfn=(130)
calls=5 -44 
* 763
* 5
+6 10
+12 20
-59 120
+2 60
+2 120
cfi=(57)
cfn=(182)
calls=15 -92 
* 315
* 30
fe=(30)
1264 5
fi=(56) ./elf/../sysdeps/posix/dl-fileid.h
37 10
cfi=(55)
cfn=(178)
calls=5 -7 
* 30
* 10
fe=(30)
989 10
fi=(56)
40 15
fe=(30)
989 5
fi=(56)
40 5
fe=(30)
989 80
+1 40
fi=(56)
49 60
fe=(30)
1519 45
1074 13
+1 2
-1 1
+1 1
-1 1
+1 1
cfi=(70)
cfn=(226)
calls=1 25 
* 7
* 2
+46 2
+1 1
-15 10
+7 5
+2 5
-2 5
+1 5
+1 5
-1 10
+1 40
+60 9
+5 3
-1 6
+5 3
-5 6
-66 3
+71 12
+1 3
+3 3
-3 3
+8 12
+15 10
+1 5
1008 10
1268 20
+1 15
fi=(61) ./elf/./elf/get-dynamic-info.h
39 10
+6 5
-2 5
+11 5
+1 5
-10 10
+8 6
+15 6
-23 24
+23 132
-23 528
+4 276
+3 37
-1 74
+3 124
+1 104
+1 25
+16 20
+12 17
+1 20
+1 20
+1 20
+1 17
+1 19
+1 19
+1 20
+12 5
+7 5
-7 35
+7 11
+5 8
+7 8
+1 15
+6 15
+1 6
+17 15
+5 4
+2 4
+2 4
+2 4
+4 15
+2 9
+1 6
+9 6
+6 6
+4 10
fe=(30)
1275 10
+1 10
+2 10
+10 15
+19 15
+2 30
+52 15
+1 6
+6 45
+1 100
+6 20
cfn=(88)
calls=5 868 
* 372
-7 125
+1 60
+6 60
-6 120
fi=(31)
149 20
fe=(30)
1380 10
cfi=(62) ./io/../sysdeps/unix/sysv/linux/close_nocancel.c
cfn=(194) __GI___close_nocancel
calls=5 25 
* 30
* 10
+13 10
+2 20
+2 10
+16 10
cfi=(8)
cfn=(14)
calls=5 25 
* 135
+4 10
+1 10
+17 10
+1 1
+3 1
+5 1
-5 1
+5 1
-5 4
+5 4
-5 4
+5 4
+5 10
+12 40
+10 10
+1 12
+5 6
cfi=(46)
cfn=(224)
calls=3 125 
* 36
+7 15
cfi=(26)
cfn=(84)
calls=5 31 
* 295
+3 10
+4 10
cfi=(45)
cfn=(196)
calls=5 38 
* 35
* 5
+1 15
+22 35
+1 15
cfi=(48)
cfn=(198)
calls=5 77 
* 25
* 5
fi=(60)
92 16
+2 4
-1 4
+1 4
-1 4
+1 4
-1 4
+1 4
-1 8
+3 16
fi=(61)
-37 20
+3 20
+2 20
181 6
-22 4
fe=(30)
1510 10
1074 2
fi=(59)
186 16
cfi=(57)
cfn=(182)
calls=2 47 
* 42
+3 4
fe=(30)
1462 15
+2 4
-1 20
+1 4
-1 4
+1 4
-1 4
cfi=(32)
cfn=(94)
calls=4 98 
* 120
* 8
+2 5
1275 4

fn=(208)
1812 32
+1 4
-1 12
+1 4
+6 8
+5 68
+67 8
-74 4
+7 12
+57 4
-65 4
+65 4
+10 8
-64 8
+8 24
+7 8
-11 4
+12 4
-1 16
cfi=(29)
cfn=(126)
calls=4 197 
* 52
+1 40
+50 6
-2 12
-48 44
+3 24
+5 42
cfi=(29)
cfn=(126)
calls=6 197 
* 78
* 24
cfi=(29)
cfn=(126)
calls=6 197 
* 78
+3 12
+6 18
+3 42
cfn=(170)
calls=6 1572 
* 336
* 6
+2 18
+2 6
+93 36
-88 6
+1 21
+6 3
+2 6
-2 6
+2 3
cfi=(65)
cfn=(210)
calls=3 28 
* 46
* 3
+3 3
-3 6
+1 2
+9 8
+2 1
-2 2
+2 6
+44 32
+6 8
-2 4
+2 8
+3 12
1822 8
+2 8

fn=(106)
706 11
+14 1
-14 2
+14 2
cfi=(37) ./elf/./elf/dl-hwcaps.c
cfn=(108) _dl_important_hwcaps
calls=1 172 
* 1244
fi=(28)
56 1
fe=(30)
720 1
fi=(28)
56 1
cfi=(27)
cfn=(78)
calls=1 -20 
* 30
fe=(30)
725 1
+2 3
+8 2
-1 3
+5 3
fi=(28)
56 1
cfi=(27)
cfn=(78)
calls=1 -20 
* 30
fe=(30)
739 1
+2 4
+7 1
+8 1
+2 1
+12 2
-23 1
+9 1
+11 1
-4 1
-5 1
+3 2
+7 2
+2 2
-11 1
+11 3
-8 1
+4 1
+1 3
+1 16
cfi=(43)
cfn=(130)
calls=4 132 
* 56
+2 15
-14 3
+10 3
+4 9
-12 3
-2 3
+2 3
+4 3
-3 3
+3 3
+1 3
-2 3
+5 9
+1 6
+3 1
+15 1
-8 1
+5 1
-6 1
+9 2
+2 4
+2 3
+36 5
+2 2
cfi=(22)
cfn=(62)
calls=1 57 
* 17
* 9
-19 1
-2 1
+2 2
+19 9
cfi=(29)
cfn=(82)
calls=1 210 
* 11
* 1
+5 4
-1 2
+2 1
+1 2
-2 4
+1 13
+1 26
-2 52
+5 1
fi=(28)
56 1
cfi=(27)
cfn=(78)
calls=1 -20 
* 30
fe=(30)
836 1
fi=(28)
56 1
fe=(30)
838 2
+6 6
cfn=(132)
calls=1 468 
* 581
+3 3
+6 1
+4 8
-35 2
+5 2

fl=(186) ./elf/../sysdeps/x86_64/dl-trampoline.h
fn=(642) _dl_runtime_resolve_xsave
71 72
+5 72
+3 72
+2 72
+10 72
+6 72
+1 72
+1 72
+1 72
+1 72
+1 72
+1 72
+4 72
+1 72
+3 72
+1 72
+2 72
+1 72
+1 72
+1 72
+1 72
+1 72
+2 72
+7 72
+1 72
+1 72
cfi=(187) ./elf/./elf/dl-runtime.c
cfn=(644) _dl_fixup
calls=72 -84 
* 60967
+1 72
+5 72
+1 72
+1 72
+2 72
+1 72
+1 72
+1 72
+1 72
+1 72
+1 72
+2 72
+2 72
+4 72
+2 72

fl=(164)
fn=(532)
95 14
+1 14
+1 7
+6 35
+1 203
+1 140
+2 21
+5 7

fl=(53)
fn=(172)
28 24
+3 12
-3 24
+3 72
+8 84
+2 12
-2 18
+2 12

fl=(168) ./elf/./elf/dl-lookup-direct.c
fn=(548) _dl_lookup_direct
74 30
+2 3
-2 6
+4 3
-4 3
+2 3
+2 9
+37 3
-37 9
+1 6
+2 12
+3 25
+2 6
-54 3
+54 3
-54 3
+54 3
-54 9
+1 9
+2 6
+1 6
+12 9
+3 3
+2 6
-2 3
+2 9
cfi=(32)
cfn=(94)
calls=3 +45 
* 209
* 6
+4 6
+1 3
-1 3
+1 18
+1 9
cfi=(32)
cfn=(94)
calls=3 +39 
* 198
* 6
+57 27
-23 6

fl=(51) ./setjmp/../sysdeps/x86_64/setjmp.S
fn=(162) __sigsetjmp
31 14
+2 14
+9 14
+1 28
+1 14
+4 14
+1 14
+1 14
+1 14
+1 14
+2 28
+2 14
+1 14
+1 14
+2 28
+2 14
+8 14
+3 14
+1 14
+7 14
+1 14

fl=(44)
fn=(138)
40 36
+1 6
cfi=(22)
cfn=(62)
calls=6 +16 
* 192
* 6
fi=(296) ./string/../include/rtld-malloc.h
+15 12
cfi=(27)
cfn=(78)
calls=6 -20 
* 180
fe=(44)
-12 12
+3 18
+1 18
-1 6
cfi=(29)
cfn=(82)
calls=6 210 
* 90

fl=(66)
fn=(212)
146 6
-55 6
+70 7
+1 1
-2 4
+1 4

fl=(140)
fn=(436) mprotect
117 35
+5 7

fn=(574)
117 5
+5 1

fl=(42) ./string/../sysdeps/x86_64/multiarch/../multiarch/memcmp-sse2.S
fn=(122) bcmp
59 1
+12 1
+1 1
+22 1
+1 1
+45 1
+1 1
+2 1
+1 1
+2 1
+1 1
+2 1
+1 1
+47 1
+1 1
+1 1
+1 1
+1 1
+1 1

fl=(50)
fn=(236)
186 2
58 1
186 4
+2 1
-2 1
58 1
+1 1
+11 1
192 1
+2 1
cfi=(2)
cfn=(238)
calls=1 674 
* 26949
69 2
+1 1
198 1
-1 1
+1 3

fn=(158)
254 6
+2 1
-2 6
+2 1
cfn=(160) _dl_catch_exception
calls=1 -52 
* 2728
+1 2
+1 1
+1 1
-1 1
+1 1
+2 6

fn=(160)
204 84
58 14
204 28
+3 28
+22 14
-1 14
+1 14
58 28
235 42
cfi=(51)
cfn=(162)
calls=14 31 
* 336
* 42
+2 42
cfi=(64)
cfn=(206) openaux
calls=13 61 
* 25244
cfi=(2)
cfn=(164)
calls=1 641 
* 2662
69 14
+1 14
-1 14
+1 14
239 56
-25 14
+34 42
59 28
+11 42

fl=(78) ./elf/./elf/dl-lookup.c
fn=(270) _dl_lookup_symbol_x
772 11538
+3 1923
-3 5769
+3 1923
-3 7692
fi=(79) ./elf/../sysdeps/generic/dl-new-hash.h
74 1923
+3 3846
-8 1923
+1 3846
+10 1923
+1 3846
-1 38413
+1 76826
+20 39375
-2 39375
+6 39375
-3 78750
+2 39375
-30 39375
+3 78750
fe=(78)
774 1923
+1 1923
+3 1923
-4 1923
+1 1923
+7 7654
+5 1923
-2 1923
+2 1923
-2 1923
+6 27002
+1 26922
cfn=(274) do_lookup_x
calls=1923 347 
* 772435
* 5769
+28 1923
-23 5769
+23 1923
-23 3846
+24 11426
+7 1907
-7 1907
+35 7628
+34 7628
-20 5721
+3 3814
-57 1923
+76 17307
fi=(79)
87 961
+1 961
+1 1922
+1 961
fe=(78)
871 2
-72 96
+18 48
+11 64

fn=(276) check_match
70 28740
+3 11486
+13 1911
-13 1911
+13 1911
-13 1911
+13 5733
+3 4326
cfi=(32)
cfn=(94)
calls=126 +9 
* 6963
* 252
+4 1911
+1 3822
+2 3816
+19 3816
+1 15264
+2 10
+1 2
+42 1906
+1 15328
-18 6
+2 6
+1 3
-1 6
+1 9
-1 6
+4 2
+1 7
+2 3
-75 10
+39 5709
cfi=(32)
cfn=(94)
calls=1903 -19 
* 50157
* 3806
-44 20
+5 10

fn=(274)
347 17307
+1 1923
-1 7692
+6 1923
-6 1923
+65 1923
-58 1923
+11 1923
+50 1923
-3 3846
+3 3846
-50 1923
+50 7692
-19 24048
+8 8016
-4 8016
+1 8016
+3 32064
+1 16032
+3 8016
-3 8016
+4 16032
+4 16032
-2 8016
+5 32064
+3 56112
+99 18336
358 16038
+3 16038
+4 16070
+21 16032
+4 16032
+71 15248
fi=(4)
139 3812
+1 5718
fe=(78)
476 3812
fi=(4)
139 2
+1 3
fe=(78)
476 2
fi=(80) ./elf/../sysdeps/generic/dl-protected.h
29 7628
fe=(78)
483 10144
+16 3650
+1 1825
+22 1825
-21 1825
+21 12857
-21 82
+21 574
-99 6246
-1 4164
+2 4164
+2 2047
+6 8188
-6 2047
+6 14329
+7 9393
-10 25185
+2 1916
+1 5748
-1 1916
+1 3832
-1 1916
+1 1916
+1 1916
-1 1916
+1 1916
-1 13412
cfn=(276)
calls=1916 70 
* 170779
+4 5748
+3 20
+31 1129
+2 2
+50 16
-1 16
+1 112
222 82
+2 82
-2 246
+2 82
-2 82
+2 82
-2 82
+2 246
+2 82
-2 246
cfi=(24)
cfn=(86)
calls=82 42 
* 246
+2 82
+2 82
-1 82
+1 246
+2 162
+1 81
-1 567
+1 81
-1 162
+1 162
-1 162
+1 162
-1 1640
+24 352
+3 95
+1 285
-23 176
-1 352
487 3711
+4 1
fi=(28)
44 4
cfi=(27)
cfn=(74)
calls=1 +36 
* 41
* 1
fe=(78)
302 2
-72 1
+70 2
+5 1
+2 1
-7 1
+6 1
+1 1
170 12
+1 9
311 6
-1 2
+1 486
-1 162
+19 246
+2 82
-2 328
+2 82
cfi=(24)
cfn=(86)
calls=82 42 
* 246
+2 164
+1 82
-1 82
+1 82
176 518
-2 84
+1 252
-3 332
+7 82
+1 82
+1 82
+1 82
318 328
-56 1377
+7 10
cfi=(52)
cfn=(524) _dl_higher_prime_number
calls=2 87 
* 159
fi=(28)
44 2
fe=(78)
269 2
fi=(28)
44 4
cfi=(27)
cfn=(74)
calls=2 +36 
* 82
* 2
fe=(78)
272 4
171 4
279 2
171 4
279 296
+1 276
+1 140
170 70
281 140
170 70
281 70
170 70
+1 70
-1 70
+1 210
+1 440
+2 14
+1 42
-3 168
+7 70
+3 70
-2 70
+3 70
+76 322
-83 12
285 10
+2 2
-2 10
cfi=(27)
cfn=(142)
calls=2 97 
* 10
170 2
288 2
-2 2
+3 4
-1 2
+1 4
170 4
+1 2
-1 2
+1 8

fl=(169)
fn=(552)
27 1
+2 2
-2 1
+6 3
-6 3
+6 1
-6 2
+6 1
cfi=(168)
cfn=(548)
calls=1 +41 
* 225
+4 2
+2 3
+2 1
-1 1
-1 1
+2 2
-1 1
cob=(2)
cfi=(170) ./elf/./elf/libc_early_init.c
cfn=(554) __libc_early_init
calls=1 -7 
* 353

fl=(43)
fn=(130)
132 12
+1 60
+5 12
+1 12
+3 5
+1 5
+2 1
+1 1
+1 1
+97 4
+1 4
+12 4
+3 4
+1 4
+12 4
+1 4
+13 4
+1 4
+2 4
+3 3
+3 6
+3 3
+1 3
+1 3
+1 3
+1 3
+1 3
+1 3
-6 90
+1 90
+1 90
+1 90
+1 90
+1 90
+1 90
+3 4
+1 4
+1 4
+1 4
+5 4
+34 7
+2 7
+1 7
+39 7
+1 7
+2 7

fl=(177) ./elf/./elf/dl-init.c
fn=(586) call_init.part.0
26 84
+17 7
+3 7
-3 14
+3 14
+5 12
+8 18
+1 24
cob=(4) ???
cfi=(175) ???
cfn=(630) 0x00000000049d0000
calls=1 -60 
* 7
cob=(4)
cfi=(175)
cfn=(620) 0x000000000485a000
calls=1 -60 
* 7
cob=(4)
cfi=(175)
cfn=(608) 0x0000000004bb5000
calls=1 -60 
* 7
cob=(4)
cfi=(175)
cfn=(588) 0x000000000483d000
calls=1 -60 
* 7
+3 6
+1 12
+6 10
+2 10
-2 5
+3 48
+1 72
cob=(7) /usr/lib/x86_64-linux-gnu/libstdc++.so.6.0.33
cfi=(185) ???
cfn=(1302) 0x00000000000b7a10
calls=1 -74 
* 83
cob=(7)
cfi=(185)
cfn=(1296) 0x00000000000b79b0
calls=1 -74 
* 255
cob=(7)
cfi=(185)
cfn=(1270) 0x00000000000b78f0
calls=1 -74 
* 50
cob=(7)
cfi=(185)
cfn=(1244) 0x00000000000b7830
calls=1 -74 
* 50
cob=(7)
cfi=(185)
cfn=(1226) 0x00000000000b77b0
calls=1 -74 
* 34
cob=(7)
cfi=(185)
cfn=(1208) 0x00000000000b7730
calls=1 -74 
* 34
cob=(7)
cfi=(185)
cfn=(1204) 0x00000000000b76e0
calls=1 -74 
* 173
cob=(7)
cfi=(185)
cfn=(1202) 0x00000000000b76c0
calls=1 -74 
* 83
cob=(7)
cfi=(185)
cfn=(1200) 0x00000000000b76a0
calls=1 -74 
* 83
cob=(7)
cfi=(185)
cfn=(1198) 0x00000000000b7530
calls=1 -74 
* 48
cob=(7)
cfi=(185)
cfn=(1172) 0x00000000000b7400
calls=1 -74 
* 78
cob=(7)
cfi=(185)
cfn=(1116) 0x00000000000b71e0
calls=1 -74 
* 4138
cob=(7)
cfi=(185)
cfn=(1106) 0x00000000000b71c0
calls=1 -74 
* 801
cob=(7)
cfi=(185)
cfn=(1104) 0x00000000000b71b0
calls=1 -74 
* 3
cob=(7)
cfi=(185)
cfn=(1090) 0x00000000000b7120
calls=1 -74 
* 991
cob=(7)
cfi=(185)
cfn=(1084) 0x00000000000b7ae0
calls=1 -74 
* 12
cob=(6) /usr/lib/x86_64-linux-gnu/libgcc_s.so.1
cfi=(183) ???
cfn=(614) 0x0000000000005b10
calls=1 -74 
* 12
cob=(2)
cfi=(182) ./libio/./libio/vtables.c
cfn=(606) check_stdfiles_vtables
calls=1 545 
* 12
* 20
cob=(7)
cfi=(185)
cfn=(634) 0x00000000000b74f0
calls=1 -74 
* 87386
cob=(3) /usr/lib/x86_64-linux-gnu/libm.so.6
cfi=(184) ???
cfn=(624) 0x00000000000104e0
calls=1 -74 
* 12
cob=(6)
cfi=(183)
cfn=(612) __cpu_indicator_init
calls=1 -74 
* 364
cob=(2)
cfi=(179) ./csu/./csu/init-first.c
cfn=(598) _init_first
calls=1 -28 
* 72
cob=(5) /usr/libexec/valgrind/vgpreload_core-amd64-linux.so
cfi=(178) ???
cfn=(592) 0x0000000000001110
calls=1 -74 
* 12
-1 69
+3 56
-29 2

fn=(584) _dl_init
81 13
+1 1
+1 1
+3 3
+8 2
+25 1
+1 8
+1 14
-92 14
+6 21
+2 32
+83 12
cfn=(586)
calls=6 -94 
* 95227
* 12
+7 8
-98 2
+60 2
-54 3
+2 7
cfn=(586)
calls=1 -11 
* 77
* 2

fl=(167)
fn=(546)
30 2
+10 3
-10 3
+10 1
-10 1
+10 1
-10 1
+7 1
+3 2
cfi=(168)
cfn=(548)
calls=1 +34 
* 233
+4 2
+1 8
+2 3
-2 1
+2 3
cfi=(168)
cfn=(548)
calls=1 +27 
* 223
+4 2
+1 7
+1 6

fl=(29)
fn=(126)
197 27
+1 27
+1 27
+1 27
+17 27
+1 27
+2 8
+1 8
+1 8
+2 5
+1 5
+1 5
+2 5
+80 19
+1 19
+2 6
+4 6
+1 6
+1 6
+8 6
+39 13
+1 13
+1 13
+1 13
+1 13
+7 3
+1 3
+1 3
+1 3
+1 3
+1 3
+1 3
+11 3
+1 3
+2 3
+1 3
+1 3

fn=(82)
210 34
+1 34
+6 34
+1 34
+2 23
+1 23
+1 23
+2 10
+1 10
+1 10
+2 10
+80 11
+1 11
+2 1
+4 1
+1 1
+1 1
+1 1
+1 1
+4 1
+2 1
+39 10
+1 10
+1 10
+1 10
+1 10
+7 12
+1 12
+1 12
+1 12
+1 12
+1 12
+1 12
+11 13
+1 13
+2 12
+1 12
+1 12
+20 1
+1 1
+4 1
+2 1
+16 1
+3 1
+2 1
+2 1
+4 1
+1 1
+9 1
+1 1
+2 1
+2 1
+1 1
+1 1
+3 1
+2 1
+2 1
+2 1
+6 1
+1 1
+1 1
+1 1
+1 1
+1 1
+1 1
+1 1
+1 1
+1 1
+1 1
+1 1
-11 2
+1 2
+1 2
+1 2
+1 2
+1 2
+1 2
+1 2
+1 2
+1 2
+1 2
+1 2
+2 1
+1 1
+1 1
+1 1
+2 1
+4 1

fl=(71) ./malloc/./malloc/scratch_buffer_set_array_size.c
fn=(228) __libc_scratch_buffer_set_array_size
30 65
+4 5
+1 10
+10 10
+18 5
-17 5
+17 25

fl=(49)
fn=(156)
32 6
+1 3
+1 2
+5 6
+1 4
+1 4
+1 4
+2 1
+3 3
+1 2
-1 6
+1 4
+3 4
+1 4
+1 4
+1 4
+2 3
+6 1
-1 1
+1 1
+2 2
-1 2
+2 1
+2 6
-5 12
-1 12
+1 12
+2 24
-1 24
+2 12
+2 72
+2 1
+1 4
+1 3

fl=(52)
fn=(524)
87 2
+38 2
-1 2
+3 2
+2 80
+1 30
+3 7
-6 24
+18 2
+1 2
-15 6

fn=(216)
36 2
+3 1
-3 7
+3 1
-3 2
+3 1
cfi=(53)
cfn=(172)
calls=1 -11 
* 20
+1 2
+23 8
-21 4
cfi=(55)
cfn=(178)
calls=1 -12 
* 6
* 2
+2 2
+3 2
+13 2
cfi=(62)
cfn=(194)
calls=1 -35 
* 6
* 1
-11 6
cfi=(57)
cfn=(182)
calls=1 -2 
* 26
* 2

fn=(168)
68 917
+1 262
cfi=(32)
cfn=(94)
calls=131 +29 
* 4308
* 262
+3 131
+2 262
+6 127
-6 254
+1 447
cfi=(32)
cfn=(94)
calls=149 +23 
* 5017
* 298
+8 22
-13 22
+13 175
-1 109
+1 327

fl=(7)
fn=(12)
42 1
+1 2
+1 2
+1 2
+1 2
+1 1

fn=(542) lookup_malloc_symbol
61 8
+3 4
-3 12
+3 4
-3 12
+3 4
-3 4
+2 4
+1 16
cfi=(78)
cfn=(270)
calls=4 772 
* 2892
+4 28
+1 28
+2 4
fi=(166) ./elf/./dl-sym-post.h
-30 8
+12 12
fe=(7)
+19 24

fn=(538)
76 2
+10 1
fi=(165) ./elf/../sysdeps/generic/dl-hash.h
-41 1
-1 1
fe=(7)
+32 8
+11 1
-1 1
fi=(165)
-43 1
+5 3
+14 4
-17 3
+3 15
+14 20
-17 15
fe=(7)
+46 2
fi=(165)
-24 1
fe=(7)
+22 1
+2 2
fi=(165)
-19 1
fe=(7)
+19 1
cfn=(542)
calls=1 -30 
* 739
+1 3
-1 1
+1 1
cfn=(542)
calls=1 -31 
* 776
+1 3
-1 1
+1 1
cfn=(542)
calls=1 -32 
* 837
+1 3
-1 1
+1 1
cfn=(542)
calls=1 -33 
* 712
+5 1
+1 1
+1 1
+1 1
+1 8

fn=(134)
239 2
+3 4
+2 2
+1 4
+4 3
-2 2
+4 28
+5 84
-2 56
+13 1
+4 4
-22 14
+15 14
-15 30

fl=(1) ???
fn=(0) 0x000000000001f540
0 2
cfi=(2)
cfn=(2)
calls=1 517 
0 1881596
0 8
cfi=(76)
cfn=(580) _dl_cet_setup_features
calls=1 331 
0 4
0 10
cfi=(177)
cfn=(584)
calls=1 81 
0 95462
0 3
cob=(8) /home/frede/code/HierarchyAligner/gssw/bin/vg_gwfa_pipeline_test
cfi=(211) ???
cfn=(1306) (below main)
calls=1 0 
0 419966986

fl=(37)
fn=(108)
172 6
+3 1
-3 3
+3 1
-3 5
+2 1
cfi=(38)
cfn=(110)
calls=1 29 
* 49
+1 1
fi=(40) ./elf/./dl-hwcaps.h
43 1
fe=(37)
174 1
fi=(40)
45 2
+32 1
+1 1
+1 1
fe=(37)
-27 2
cfi=(39)
cfn=(114)
calls=1 -1 
* 23
* 2
fi=(40)
-9 1
+2 1
-2 1
+34 2
+1 2
+1 1
fe=(37)
-24 2
-1 2
+1 2
+1 2
+1 2
-5 4
cfi=(39)
cfn=(114)
calls=2 -1 
* 130
* 2
cfi=(39)
cfn=(114)
calls=1 -1 
* 125
* 6
+48 4
fi=(28)
-44 2
cfi=(27)
cfn=(78)
calls=1 -20 
* 30
fe=(37)
+46 2
-2 1
+2 1
+3 1
+3 1
fi=(40)
-65 1
+2 1
fe=(37)
+67 1
fi=(40)
-66 1
fe=(37)
+66 2
cfi=(39)
cfn=(120)
calls=1 -87 
* 13
* 2
fi=(40)
-69 1
+2 1
-2 1
+34 2
+1 2
+1 1
fe=(37)
+48 10
+1 4
+1 2
+1 2
-1 2
-4 4
cfi=(39)
cfn=(114)
calls=2 -74 
* 130
* 2
cfi=(39)
cfn=(114)
calls=1 -74 
* 125
* 6
+8 3
+9 5
+3 8
-2 6
+14 1
+4 1
+1 1
+1 1
-20 3
+19 1
+1 1
-20 2
+8 2
+4 2
-4 3
+4 2
cfi=(42)
cfn=(122)
calls=1 -96 
* 19
+1 3
-14 8
+47 1
-4 2
+4 2
-3 1
+7 1
-7 2
+7 1
fi=(28)
56 1
cfi=(27)
cfn=(78)
calls=1 -20 
* 30
* 1
fe=(37)
194 2
+8 1
fi=(40)
43 1
fe=(37)
201 1
80 1
fi=(40)
-35 1
fe=(37)
+35 1
202 1
fi=(40)
77 1
+1 1
fe=(37)
202 3
fi=(40)
79 1
fe=(37)
-2 2
cfi=(39)
cfn=(114)
calls=1 -26 
* 23
* 2
fi=(40)
-34 1
+2 1
fe=(37)
+35 2
fi=(40)
-37 1
+34 2
+1 2
+1 3
fe=(37)
+1 4
+7 2
-7 8
cfi=(29)
cfn=(126)
calls=2 197 
* 26
+4 2
+2 2
+2 2
-2 4
-9 4
cfi=(39)
cfn=(114)
calls=2 -26 
* 130
* 2
cfi=(39)
cfn=(114)
calls=1 -26 
* 125
* 6
213 2
-5 1
+1 1
-1 1
+5 1
+3 9

fl=(64)
fn=(202)
143 4
+1 2
-1 1
+1 1
-1 2
+1 1
-1 1
+1 1
-1 4
+1 3
-1 1
+1 7
-8 1
+8 2
-8 1
-6 1
-2 1
+16 1
-8 1
-7 1
+1 1
+6 1
+24 4
-28 3
-2 1
+31 1
-33 2
+2 2
+30 2
-30 1
-1 4
+7 4
+24 3
+28 3
-6 1
+46 1
fi=(72) ./elf/../include/scratch_buffer.h
77 1
fe=(64)
+87 1
fi=(72)
-87 1
+1 1
fe=(64)
184 1
+44 4
-31 1
-4 1
+4 8
-4 6
+4 12
+11 18
-18 2
+18 4
417 14
+2 5
+3 5
-3 15
+3 5
-3 5
fi=(28)
56 5
cfi=(27)
cfn=(78)
calls=5 -20 
* 150
fe=(64)
423 15
fi=(28)
56 5
fe=(64)
423 5
+6 5
+1 25
cfi=(29)
cfn=(82)
calls=5 210 
* 63
+1 25
cfi=(29)
cfn=(82)
calls=5 210 
* 63
+3 5
+1 10
+4 21
188 12
442 18
-1 7
+1 14
183 6
+27 20
+7 5
+4 5
-6 5
+1 5
+1 5
+1 10
+3 15
-2 5
-29 25
+32 300
+6 52
cfi=(30)
cfn=(204)
calls=13 +10 
* 707
* 39
+4 26
-2 13
+2 26
cfi=(50)
cfn=(160)
calls=13 -28 
* 26102
+1 26
+9 13
+2 26
+5 25
+6 5
+2 5
-8 10
+3 5
+1 5
+1 5
+1 5
+4 5
-3 5
+3 15
+4 39
+1 27
-43 615
+7 26
+38 411
fi=(72)
85 3
fe=(64)
448 5
+1 1
+3 4
+11 5
fi=(28)
56 1
cfi=(27)
cfn=(78)
calls=1 -20 
* 30
fe=(64)
465 3
fi=(28)
56 1
fe=(64)
465 1
+5 2
+1 1
-1 3
+4 3
-2 2
+13 6
+5 6
-16 18
+11 6
-7 6
+7 6
-2 12
-5 1
+7 1
-2 2
+2 1
-11 1
+11 1
+5 1
-16 3
+21 3
+37 2
+15 2
-14 2
+20 1
-1 4
+1 4
-1 5
cfi=(13)
cfn=(232)
calls=1 298 
* 489
+5 1
+2 1
+1 1
+1 2
-2 1
+2 1
+7 3
+3 2
+3 8
198 46
+3 5
fi=(72)
-70 20
cfi=(71)
cfn=(228)
calls=5 30 
* 125
fe=(64)
+70 15
+4 10
547 4
cfi=(29)
cfn=(82)
calls=1 210 
* 19
* 3
-53 2
144 2

fn=(206)
61 78
+7 13
-4 39
+1 13
-1 91
cfi=(30)
cfn=(166)
calls=13 1967 
* 24958
* 13
+5 39

fl=(289) ./elf/../sysdeps/x86_64/tls_get_addr.S
fn=(1904) __tls_get_addr
29 2
+1 2
+1 2
+2 2
+1 2
+1 2
+3 2
+1 2
+4 2
+1 2
+1 2
+1 2

fl=(76)
fn=(580)
331 1
+3 2
+16 1

fn=(260)
361 8
-76 1
-10 2
+2 2
-1 1
+6 1
+3 1
+8 1
-11 1
+1 1
-1 1
+1 1
-1 1
+1 1
+10 4
+3 1
+4 2
+2 2
-1 1
+2 2
+2 2
-1 2
+4 1
+2 1
+3 2
145 2
+12 2
+16 1
+6 1
363 6

fl=(45)
fn=(144)
56 3
+3 2
+4 1
+22 1
+10 1
-32 2
+1 1
+21 2
+5 2
+1 1
+4 1
-4 1
-1 1
+2 1
+3 1
+4 2
+8 2
-50 1
+4 2
+35 6

fn=(196)
38 6
+3 6
-1 12
+4 12
+4 6

fn=(150)
116 2
+1 2

fl=(26)
fn=(84)
31 24
+2 6
-2 12
+2 6
-2 18
+2 6
cfi=(24)
cfn=(86)
calls=6 +9 
* 18
+2 53
+3 80
+2 5
+2 5
+4 5
+4 5
-4 10
+1 10
+1 10
+3 25
-1 5
cfi=(24)
cfn=(86)
calls=5 -8 
* 15
-4 1
+4 1
-4 2
+1 2
+1 2
+3 5
-1 1
cfi=(24)
cfn=(86)
calls=1 -8 
* 3
-5 2

fn=(72)
59 90
+3 12
+18 10
+3 5
cfi=(22)
cfn=(62)
calls=5 -26 
* 103
+4 5
-4 5
+4 5
+5 5
-9 15
fi=(28)
-39 10
cfi=(27)
cfn=(74)
calls=5 +36 
* 306
fe=(26)
+39 1
fi=(28)
-39 2
cfi=(27)
cfn=(74)
calls=1 +36 
* 47
* 6
fe=(26)
+51 12
+5 6
+4 6
-6 6
+2 6
+4 6
-5 6
+4 6
+1 6
-1 6
+1 12
cfi=(29)
cfn=(82)
calls=6 210 
* 77
* 6
+15 6
-15 6
+2 6
+13 12
+6 1
+2 7
+3 2
-3 35
+3 10
+2 6
+4 6
+3 16
+2 12
-2 8
+2 8
-2 16
+16 12
-5 6
+5 6
-6 6
+6 6
-6 6
+6 12
+2 10
+3 10
-3 10
+7 20
+4 15
+8 1
+13 1
-10 2
+10 8
-10 10
+10 15
+2 5
cfi=(22)
cfn=(62)
calls=5 57 
* 173
+21 5
-21 15
+17 5
-13 15
+50 15
cfi=(29)
cfn=(126)
calls=5 -48 
* 89
* 5
+5 10
+1 10
-1 158
+1 158
+4 10
+1 5
+3 5
+4 54
131 12
-8 5
-4 10
+34 1
+7 4
+8 20
fi=(28)
56 10
cfi=(27)
cfn=(78)
calls=5 -20 
* 150
* 5
fe=(26)
200 10
-1 10
64 2
+2 3
+1 2
+4 6
+6 2

fl=(284)
fn=(1780)
24 56
+4 14
+6 7
-2 7
+3 14
+3 5
+1 5
-1 5
+1 10
+3 20
+1 5
cob=(6)
cfi=(183)
cfn=(1948) 0x0000000000004940
calls=1 -43 
* 42
cob=(3)
cfi=(184)
cfn=(1930) 0x00000000000104a0
calls=1 -43 
* 152
cob=(7)
cfi=(185)
cfn=(1826) 0x00000000000b7aa0
calls=1 -43 
* 9210
cob=(5)
cfi=(178)
cfn=(1808) 0x00000000000010d0
calls=1 -43 
* 152
cob=(8)
cfi=(211)
cfn=(1782) 0x0000000000002af0
calls=1 -43 
* 152
* 1
cob=(6)
cfi=(183)
cfn=(1960) 0x0000000000005ad0
calls=1 -43 
* 152
-1 24
+5 7
+1 14
+1 10
+1 25
-1 5
cob=(4)
cfi=(175)
cfn=(1976) 0x0000000004bd8748
calls=1 -49 
* 4
cob=(4)
cfi=(175)
cfn=(1946) 0x00000000048d83a8
calls=1 -49 
* 4
cob=(4)
cfi=(175)
cfn=(1928) 0x0000000004b17ce4
calls=1 -49 
* 4
cob=(4)
cfi=(175)
cfn=(1824) 0x000000000483d294
calls=1 -49 
* 4
cob=(4)
cfi=(175)
cfn=(1804) 0x0000000000133524
calls=1 -49 
* 4
+1 12

fl=(32)
fn=(94)
98 2410
+33 2410
+1 2410
+2 2410
+1 2410
+21 2410
+1 2410
+1 2212
+1 2212
+1 2121
+1 2121
+1 2121
+1 2121
+17 2121
+1 2121
+1 2121
+1 2121
+1 2121
+1 2121
+1 2121
+5 27
+1 81
+9 27
+1 27
+1 27
+1 27
+1 27
+1 27
+1 27
+1 27
-7 289
+1 289
+1 289
+1 289
+1 289
+1 289
+1 289
+1 289
+1 230
+1 104
+1 104
+1 104
+2 104
+1 104
+1 104
+1 104
+1 104
+1 104
-5 126
+1 126
+1 126
+1 126
+1 126
+1 126
+10 86
+1 86
+1 86
+2 86
+6 86
+1 86
+1 86
+1 86
+1 86
+5 86
+2 74
+1 74
+1 148
+8 74
+1 74
+3 74
+1 74
+1 74
+1 74
+1 74
+1 74
+6 1
+1 1
+1 1
+3 1
+1 1
+1 1
+1 1
+1 1
+1 1
+15 7
+1 7
+1 7
+1 7
+1 7
+2 7
+1 7
+1 7
+1 7
+1 7
+1 7
+1 7
+1 7
+3 7
+1 7
+1 7
+6 7
+1 7
+1 14
+4 7
+1 7
-1 1
+1 1
+3 8
+1 8
+1 8
+2 8
+1 8
+1 8
+4 8
+1 8
+1 8
+1 8
+1 8
+1 8
+6 1
+1 1
+2 1
+1 1
+2 1
+1 1
+1 1
+2 1
+1 1
+1 1
+4 1
+1 1
+1 1
+1 1
+1 1
+1 1
+6 1
+1 1
+1 1
542 3
+1 3
+1 3
+1 3
+1 3
+2 3
+1 3
+1 3
+1 3
+1 3
+1 3
+1 3
+1 3
+4 3
+1 3
+1 3
+6 3
+1 3
+1 6
+4 3
+1 3
-1 3
+1 3
+3 6
+1 6
+1 6
+2 6
+1 6
+1 6
+4 6
+1 6
+1 6
+1 6
+1 6
+1 6
+7 4
+1 4
+2 4
+1 4
+2 4
+1 4
+1 4
+2 4
+1 4
+1 4
+4 4
+1 4
+1 4
+1 4
+1 4
+1 4
+7 3
+1 3
+1 3
+32 1
+1 1
+1 1
+1 1
+1 1
+2 1
+1 1
+1 1
+1 1
+1 1
+1 1
+1 1
780 2
+1 2
+1 2
+1 2
+1 2
+2 2
+1 2
+1 2
+1 2
+1 2
+1 2
+1 2
+1 1
+4 1
+1 1
+1 1
+6 1
+1 1
+1 2
+4 1
+1 1
+3 1
+1 1
+1 1
+2 1
+1 1
+1 1
+4 1
+1 1
+1 1
+1 1
+1 1
+1 1
+69 5
+1 5
+1 5
+1 5
+1 5
+2 5
+1 5
+1 5
+1 5
+1 5
+1 5
+1 5
+1 4
+4 4
+1 4
+1 4
+6 4
+1 4
+1 8
+4 4
+1 4
-1 1
+1 1
+3 5
+1 5
+1 5
+2 5
+1 5
+1 5
+4 5
+1 5
+1 5
+1 5
+1 5
+1 5
+7 3
+1 3
+2 3
+1 3
+2 3
+1 3
+1 3
+2 3
+1 3
+1 3
+4 3
+1 3
+1 3
+1 3
+1 3
+1 3
+7 1
+1 1
+1 1
+32 8
+1 8
+1 8
+1 8
+1 8
+2 8
+1 8
+1 8
+1 8
+1 8
+1 8
+1 8
+1 7
+4 7
+1 7
+1 7
+6 7
+1 7
+1 14
+4 7
+1 7
+3 7
+1 7
+1 7
+2 7
+1 7
+1 7
+4 7
+1 7
+1 7
+1 7
+1 7
+1 7
+69 12
+1 12
+1 12
+1 12
+1 12
+2 12
+1 12
+1 12
+1 12
+1 12
+1 12
+1 12
+1 5
+4 5
+1 5
+1 5
+6 5
+1 5
+1 10
+4 5
+1 5
-1 1
+1 1
+3 6
+1 6
+1 6
+2 6
+1 6
+1 6
+4 6
+1 6
+1 6
+1 6
+1 6
+1 6
+7 3
+1 3
+2 3
+1 3
+2 3
+1 3
+1 3
+2 3
+1 3
+1 3
+4 3
+1 3
+1 3
+1 3
+1 3
+1 3
+7 1
+1 1
+1 1
+32 21
+1 21
+1 21
+1 21
+1 21
+2 21
+1 21
+1 21
+1 21
+1 21
+1 21
+1 21
+1 6
+4 6
+1 6
+1 6
+6 6
+1 6
+1 12
+4 6
+1 6
-1 1
+1 1
+3 7
+1 7
+1 7
+2 7
+1 7
+1 7
+4 7
+1 7
+1 7
+1 7
+1 7
+1 7
+7 3
+1 3
+2 3
+1 3
+2 3
+1 3
+1 3
+2 3
+1 3
+1 3
+4 3
+1 3
+1 3
+1 3
+1 3
+1 3
+7 1
+1 1
+1 1
+32 17
+1 17
+1 17
+1 17
+1 17
+2 17
+1 17
+1 17
+1 17
+1 17
+1 17
+1 17
+1 10
+4 10
+1 10
+1 10
+6 10
+1 10
+1 20
+4 10
+1 10
-1 1
+1 1
+3 11
+1 11
+1 11
+2 11
+1 11
+1 11
+4 11
+1 11
+1 11
+1 11
+1 11
+1 11
+7 1
+1 1
+2 1
+1 1
+2 1
+1 1
+1 1
+2 1
+1 1
+1 1
+4 1
+1 1
+1 1
+1 1
+1 1
+1 1
+7 1
+1 1
+1 1
+32 40
+1 40
+1 40
+1 40
+1 40
+2 40
+1 40
+1 40
+1 40
+1 40
+1 40
+1 40
+1 25
+4 25
+1 25
+1 25
+6 25
+1 25
+1 50
+4 25
+1 25
+3 25
+1 25
+1 25
+2 25
+1 25
+1 25
+4 25
+1 25
+1 25
+1 25
+1 25
+1 25
+7 1
+1 1
+2 1
+1 1
+2 1
+1 1
+1 1
+2 1
+1 1
+1 1
+4 1
+1 1
+1 1
+1 1
+1 1
+1 1
+41 28
+1 28
+1 28
+1 28
+1 28
+2 28
+1 28
+1 28
+1 28
+1 28
+1 28
+1 28
+1 5
+4 5
+1 5
+1 5
+6 5
+1 5
+1 10
+4 5
+1 5
+3 5
+1 5
+1 5
+2 5
+1 5
+1 5
+4 5
+1 5
+1 5
+1 5
+1 5
+1 5
+7 2
+1 2
+2 2
+1 2
+2 2
+1 2
+1 2
+2 2
+1 2
+1 2
+4 2
+1 2
+1 2
+1 2
+1 2
+1 2
+41 27
+1 27
+1 27
+1 27
+1 27
+2 27
+1 27
+1 27
+1 27
+1 27
+1 27
+1 27
+1 14
+4 14
+1 14
+1 14
+6 14
+1 14
+1 28
+4 14
+1 14
-1 2
+1 2
+3 16
+1 16
+1 16
+2 16
+1 16
+1 16
+4 16
+1 16
+1 16
+1 16
+1 16
+1 16
+7 3
+1 3
+2 3
+1 3
+2 3
+1 3
+1 3
+2 3
+1 3
+1 3
+4 3
+1 3
+1 3
+1 3
+1 3
+1 3
+7 2
+1 2
+1 2
+32 19
+1 19
+1 19
+1 19
+1 19
+2 19
+1 19
+1 19
+1 19
+1 19
+1 19
+1 19
+1 13
+4 13
+1 13
+1 13
+6 13
+1 13
+1 26
+4 13
+1 13
+3 13
+1 13
+1 13
+2 13
+1 13
+1 13
+4 13
+1 13
+1 13
+1 13
+1 13
+1 13
+69 40
+1 40
+1 40
+1 40
+1 40
+2 40
+1 40
+1 40
+1 40
+1 40
+1 40
+1 40
+2 8
+4 8
+1 8
+1 8
+6 8
+1 8
+2 16
+4 8
+1 8
+3 8
+1 8
+1 8
+2 8
+1 8
+1 8
+4 8
+1 8
+1 8
+1 8
+1 8
+1 8
+71 182
+2 182
+1 182
+1 182
+1 182
-3 134
+1 134
+1 134
+1 134
+1 208
+5 104
+6 104
+1 104
+8 104
+1 104
-16 2306
+6 2306
+1 2306
+8 2306
+1 2306

fn=(244)
98 1
+27 1
+1 1
+1 1
+1 1
+1 1
+2 1
+1 1
+2 1
+1 1
+21 1
+1 1
+1 1
+1 1
+1 1
+1 1
+1 1
+1 1
+17 1
+1 1
+1 1
+1 1
+1 1
+1 1
+1 1
2104 1
+3 1
+1 1
+2 1
+1 1
+8 1
+1 1

fl=(11)
fn=(58) __GI___tunable_set_val
153 15
-81 40
+81 15
-81 10
+10 5
fi=(297) ./elf/./dl-tunable-types.h
+2 5
fe=(11)
+9 40
+1 25
fi=(12) ./elf/./elf/dl-tunables.h
+47 10
fe=(11)
-26 25
+1 5
+1 5
+1 5
+39 15
fi=(12)
-15 10
fe=(11)
-45 10
+3 5
fi=(12)
+51 5
fe=(11)
-51 5
+4 10
+7 10
+1 10
-12 25

fn=(28)
387 40
+3 80
-3 40
+3 320
+9 37
-9 74
+19 25
+7 240
+2 40
-19 15
+1 15
+9 6

fn=(22) __GI___tunables_init
261 8
+22 1
-22 1
128 1
283 1
-22 1
+6 4
42 210
+6 41
-3 41
+3 3725
+4 82
+4 82
fi=(12)
160 41
fe=(11)
56 82
fi=(12)
161 22
-1 107
+1 145
-1 82
fe=(11)
281 6724
+6 12177
fi=(12)
160 410
+1 820
-1 25
+1 100
-1 125
fe=(11)
304 8

fl=(62)
fn=(194)
25 6
+1 24
+1 6

fl=(77)
fn=(262)
207 88
+1 16
+12 7
+4 28
-4 7
+6 21
+3 7
-1 7
+1 14
+22 35
+4 8
+7 12
fi=(6)
81 20
+6 8
+4 6
+17 2
-11 2
+11 4
+21 4
+5 8
-2 4
fi=(4)
-53 2
fe=(77)
301 4
fi=(4)
79 4
fe=(77)
301 4
fi=(4)
79 5
fe=(77)
301 10
fi=(4)
79 10
fe=(77)
301 9890
fi=(4)
79 2
fe=(77)
301 2
fi=(4)
79 4
fe=(77)
301 298
-80 14
fi=(6)
393 14
fe=(77)
190 7
+31 7
-31 7
fi=(6)
393 21
fi=(5)
49 7
fe=(77)
301 7
fi=(5)
50 7
+30 7
-31 14
+4 7
-3 7
+3 7
-3 7
+3 21
+27 14
-31 7
fe=(77)
301 7
fi=(5)
50 7
+30 7
-31 14
+4 7
-3 7
+3 7
-3 7
+3 21
+27 14
-7 2
-1 2
+11 16
fi=(6)
514 2224
+4 2224
+3 3336
+1 1112
fi=(5)
83 3336
+2 4448
+11 12
fe=(77)
301 42
fi=(5)
51 7
fi=(4)
+28 35
fi=(6)
730 14
+4 8
fe=(77)
304 35
+24 7
+3 14
+17 21
+2 64
-98 14
+3 6
+7 3
-9 3
+9 6
fi=(6)
81 6
fi=(5)
+33 36
+9 24
+1 4
fi=(6)
498 4
fi=(5)
124 4
fi=(6)
498 8
fi=(5)
124 1016
fi=(6)
498 1016
fi=(5)
124 1016
fi=(6)
498 2032
+5 2040
+1 1020
fi=(5)
123 1020
fi=(6)
504 1020
-5 1020
fi=(5)
123 2040
+3 36
+3 40
+2 36
fe=(77)
+59 12
fi=(5)
73 6
fe=(77)
190 6
fi=(5)
72 6
fe=(77)
190 54
fi=(5)
-57 12
+1 6
+1 6
-2 6
+2 6
+3 6
-5 6
+2 6
-2 6
+1 12
+2 6
-2 6
+2 18
+2 12
-5 7082
+1 3541
+1 3541
-2 3541
+2 3541
+3 3541
-5 3541
+2 3541
-2 3541
+1 7082
+2 3541
-2 3541
+2 10623
+2 7082
+9 3479
fi=(6)
267 6958
+7 6958
+4 6958
fe=(77)
170 13916
fi=(4)
-30 10386
fe=(77)
+31 6924
+3 6924
+8 3682
-8 16536
+12 3668
-3 1834
+1 1834
+2 7350
-3 7
+1 7
+2 1869
+1 1841
-1 1841
+2 3682
-1 7364
+3 11046
cfi=(78)
cfn=(270)
calls=1841 772 
* 1390194
+3 1841
+1 3682
-4 1841
+4 9205
fi=(6)
+93 13835
+3 3449
-3 10364
+3 3466
-3 3466
+5 6942
+25 20874
423 8352
fi=(5)
150 8352
fi=(6)
423 1338
fi=(5)
150 2062
-19 14206
+33 24
+1 72
+1 252
+3 136
+4 68
-1 68
-3 68
+2 136
+2 68
-2 136
fe=(77)
-1 272
fi=(6)
287 68
+3 68
-3 68
+4 136
476 136
+2 68
cfi=(15)
cfn=(550)
calls=1 71 
* 6
cob=(3)
cfi=(162) ./math/../sysdeps/x86_64/fpu/multiarch/s_sincos.c
cfn=(518) sincos
calls=1 26 
* 8
cob=(3)
cfi=(146) ./math/../sysdeps/x86_64/fpu/multiarch/s_sin.c
cfn=(514) sin
calls=1 27 
* 9
cob=(3)
cfi=(161) ./math/../sysdeps/x86_64/fpu/multiarch/e_atan2.c
cfn=(510) __atan2_finite@GLIBC_2.15
calls=1 26 
* 9
cob=(3)
cfi=(160) ./math/../sysdeps/x86_64/fpu/multiarch/e_exp2f.c
cfn=(506) exp2f@@GLIBC_2.27
calls=1 27 
* 9
cob=(3)
cfi=(159) ./math/../sysdeps/x86_64/fpu/multiarch/s_expm1.c
cfn=(502) expm1
calls=1 26 
* 9
cob=(3)
cfi=(156) ./math/../sysdeps/x86_64/fpu/multiarch/e_asin.c
cfn=(498) __asin_finite@GLIBC_2.15
calls=1 27 
* 8
cob=(3)
cfi=(158) ./math/../sysdeps/x86_64/fpu/multiarch/s_fma.c
cfn=(496) fma
calls=1 49 
* 6
cob=(3)
cfi=(157) ./math/../sysdeps/x86_64/fpu/multiarch/s_sinf.c
cfn=(492) sinf
calls=1 26 
* 9
cob=(3)
cfi=(156)
cfn=(488) __acos_finite@GLIBC_2.15
calls=1 35 
* 8
cob=(3)
cfi=(155) ./math/../sysdeps/x86_64/fpu/multiarch/e_log.c
cfn=(484) __log_finite@GLIBC_2.15
calls=1 27 
* 9
cob=(3)
cfi=(154) ./math/../sysdeps/x86_64/fpu/multiarch/s_log1p.c
cfn=(480) __log1p
calls=1 26 
* 9
cob=(3)
cfi=(153) ./math/../sysdeps/x86_64/fpu/multiarch/e_log2f.c
cfn=(476) log2f@@GLIBC_2.27
calls=1 27 
* 9
cob=(3)
cfi=(151) ./math/../sysdeps/x86_64/fpu/multiarch/e_pow.c
cfn=(472) __pow_finite@GLIBC_2.15
calls=1 27 
* 8
cob=(3)
cfi=(150) ./math/../sysdeps/x86_64/fpu/multiarch/e_powf.c
cfn=(468) powf@@GLIBC_2.27
calls=1 30 
* 9
cob=(3)
cfi=(149) ./math/../sysdeps/x86_64/fpu/multiarch/s_sincosf.c
cfn=(464) sincosf
calls=1 26 
* 9
cob=(3)
cfi=(148) ./math/../sysdeps/x86_64/fpu/multiarch/e_log2.c
cfn=(460) log2@@GLIBC_2.29
calls=1 27 
* 9
cob=(3)
cfi=(147) ./math/../sysdeps/x86_64/fpu/multiarch/e_logf.c
cfn=(456) logf@@GLIBC_2.27
calls=1 27 
* 9
cob=(3)
cfi=(146)
cfn=(452) cos
calls=1 34 
* 9
cob=(3)
cfi=(145) ./math/../sysdeps/x86_64/fpu/multiarch/e_expf.c
cfn=(448) expf@@GLIBC_2.27
calls=1 27 
* 9
cob=(3)
cfi=(143) ./math/../sysdeps/x86_64/fpu/multiarch/e_exp.c
cfn=(444) __exp_finite@GLIBC_2.15
calls=1 27 
* 9
cob=(3)
cfi=(141) ./math/../sysdeps/x86_64/fpu/multiarch/s_cosf.c
cfn=(440) cosf
calls=1 26 
* 9
cob=(2)
cfi=(139) ./string/../sysdeps/x86_64/multiarch/strncase.c
cfn=(432) strncasecmp
calls=1 31 
* 21
cob=(2)
cfi=(138) ./string/../sysdeps/x86_64/multiarch/mempcpy.c
cfn=(428) mempcpy
calls=1 33 
* 22
cob=(2)
cfi=(137) ./wcsmbs/../sysdeps/x86_64/multiarch/wcpcpy.c
cfn=(424) wcpncpy
calls=1 31 
* 18
cob=(2)
cfi=(136) ./string/../sysdeps/x86_64/multiarch/strspn.c
cfn=(422) strspn
calls=1 29 
* 7
cob=(2)
cfi=(134) ./string/../sysdeps/x86_64/multiarch/memchr.c
cfn=(418) memchr
calls=1 29 
* 23
cob=(2)
cfi=(133) ./string/../sysdeps/x86_64/multiarch/memmove.c
cfn=(414) memmove
calls=1 29 
* 22
cob=(2)
cfi=(132) ./string/../sysdeps/x86_64/multiarch/stpcpy.c
cfn=(410) stpcpy
calls=1 33 
* 17
cob=(2)
cfi=(131) ./debug/../sysdeps/x86_64/multiarch/memmove_chk.c
cfn=(406) __memmove_chk
calls=1 29 
* 22
cob=(2)
cfi=(129) ./wcsmbs/../sysdeps/x86_64/multiarch/wmemcmp.c
cfn=(402) wmemcmp
calls=1 29 
* 24
cob=(2)
cfi=(128) ./string/../sysdeps/x86_64/multiarch/strncpy.c
cfn=(398) strncpy
calls=1 29 
* 19
cob=(2)
cfi=(127) ./string/../sysdeps/x86_64/multiarch/strlen.c
cfn=(394) strlen
calls=1 29 
* 25
cob=(2)
cfi=(100) ./wcsmbs/../sysdeps/x86_64/multiarch/wcscat.c
cfn=(390) wcscat
calls=1 31 
* 18
cob=(2)
cfi=(126) ./string/../sysdeps/x86_64/multiarch/strcasecmp_l.c
cfn=(386) strcasecmp_l
calls=1 31 
* 21
cob=(2)
cfi=(125) ./string/../sysdeps/x86_64/multiarch/strcpy.c
cfn=(382) strcpy
calls=1 29 
* 17
cob=(2)
cfi=(123) ./wcsmbs/../sysdeps/x86_64/multiarch/wmemset.c
cfn=(378) wmemset
calls=2 31 
* 20
cob=(2)
cfi=(121) ./string/../sysdeps/x86_64/multiarch/memcmp.c
cfn=(374) bcmp
calls=1 29 
* 24
cob=(2)
cfi=(120) ./string/../sysdeps/x86_64/multiarch/strchrnul.c
cfn=(370) strchrnul
calls=1 31 
* 25
cob=(2)
cfi=(119) ./string/../sysdeps/x86_64/multiarch/strncase_l.c
cfn=(366) strncasecmp_l
calls=1 31 
* 21
cob=(2)
cfi=(117) ./string/../sysdeps/x86_64/multiarch/strcat.c
cfn=(362) strcat
calls=1 29 
* 17
cob=(2)
cfi=(116) ./wcsmbs/../sysdeps/x86_64/multiarch/wcscpy.c
cfn=(360) wcscpy
calls=1 60 
* 16
cob=(2)
cfi=(115) ./string/../sysdeps/x86_64/multiarch/strcspn.c
cfn=(358) strcspn
calls=1 29 
* 7
cob=(2)
cfi=(113) ./string/../sysdeps/x86_64/multiarch/strcasecmp.c
cfn=(354) strcasecmp
calls=1 31 
* 21
cob=(2)
cfi=(112) ./string/../sysdeps/x86_64/multiarch/strncmp.c
cfn=(352) strncmp
calls=1 67 
* 21
cob=(2)
cfi=(110) ./wcsmbs/../sysdeps/x86_64/multiarch/wmemchr.c
cfn=(348) wmemchr
calls=2 31 
* 46
cob=(2)
cfi=(108) ./string/../sysdeps/x86_64/multiarch/stpncpy.c
cfn=(344) stpncpy
calls=1 31 
* 19
cob=(2)
cfi=(107) ./wcsmbs/../sysdeps/x86_64/multiarch/wcscmp.c
cfn=(340) wcscmp
calls=1 30 
* 25
cob=(2)
cfi=(106) ./string/../sysdeps/x86_64/multiarch/strrchr.c
cfn=(336) rindex
calls=1 28 
* 25
cob=(2)
cfi=(104) ./debug/../sysdeps/x86_64/multiarch/memset_chk.c
cfn=(332) __memset_chk
calls=1 29 
* 24
cob=(2)
cfi=(103) ./string/../sysdeps/x86_64/multiarch/strchr.c
cfn=(330) index
calls=1 65 
* 19
cob=(2)
cfi=(100)
cfn=(324) wcschr
calls=2 31 
* 50
cob=(2)
cfi=(98) ./string/../sysdeps/x86_64/multiarch/memcmpeq.c
cfn=(320) memcpy@@GLIBC_2.14
calls=1 29 
* 22
cob=(2)
cfi=(96) ./wcsmbs/../sysdeps/x86_64/multiarch/wcsncpy.c
cfn=(316) wcsncpy
calls=1 31 
* 18
cob=(2)
cfi=(95) ./string/../sysdeps/x86_64/multiarch/memrchr.c
cfn=(312) memrchr
calls=1 29 
* 25
cob=(2)
cfi=(94) ./debug/../sysdeps/x86_64/multiarch/memcpy_chk.c
cfn=(308) __memcpy_chk
calls=1 29 
* 22
cob=(2)
cfi=(92) ./debug/../sysdeps/x86_64/multiarch/mempcpy_chk.c
cfn=(304) __mempcpy_chk
calls=1 29 
* 22
cob=(2)
cfi=(91) ./wcsmbs/../sysdeps/x86_64/multiarch/wcslen.c
cfn=(300) wcslen
calls=1 29 
* 19
cob=(2)
cfi=(89) ./string/../sysdeps/x86_64/multiarch/memset.c
cfn=(296) memset
calls=1 29 
* 24
cob=(2)
cfi=(87) ./wcsmbs/../sysdeps/x86_64/multiarch/wcsnlen.c
cfn=(292) wcsnlen
calls=1 30 
* 19
cob=(2)
cfi=(86) ./string/../sysdeps/x86_64/multiarch/strcmp.c
cfn=(290) strcmp
calls=1 79 
* 19
cob=(2)
cfi=(85) ./string/../sysdeps/x86_64/multiarch/strpbrk.c
cfn=(288) strpbrk
calls=1 29 
* 7
cob=(2)
cfi=(83) ./string/../sysdeps/x86_64/multiarch/strnlen.c
cfn=(284) strnlen
calls=2 31 
* 50
cob=(2)
cfi=(81) ./string/../sysdeps/x86/cacheinfo.c
cfn=(280) __x86_cacheinfo
calls=1 86 
* 28
fi=(5)
165 68
fi=(6)
479 68
fi=(5)
165 145
-14 234
fi=(6)
460 9
+5 6
-1 9
+1 6
-1 3
cfi=(29)
cfn=(82)
calls=3 210 
* 93
+2 15
+1 6
-67 51
+2 68
+4 17
+9 17
-9 34
+9 17
fi=(5)
150 34
fi=(6)
320 78
+3 78
+29 6
+11 2
-9 4
+9 2
fi=(5)
150 4
fi=(6)
346 8
+1 12
fi=(5)
150 8
fi=(6)
287 85
fi=(5)
141 68
+1 68
-1 204
+2 68
fi=(6)
287 340
fe=(77)
175 14587
+3 1621
-1 1621
+19 1621
-18 3242
fi=(6)
295 10
+1 15
+11 10
+7 5
cob=(2)
cfi=(94)
cfn=(308)
calls=1 29 
* 22
cob=(2)
cfi=(133)
cfn=(414)
calls=1 29 
* 22
cob=(2)
cfi=(98)
cfn=(320)
calls=1 29 
* 22
cob=(2)
cfi=(89)
cfn=(296)
calls=1 29 
* 24
cob=(2)
cfi=(127)
cfn=(394)
calls=1 29 
* 25
* 20
fe=(77)
-13 6
+55 35
+3 7
-3 7
+3 7
+4 14
+1 28
cfi=(140)
cfn=(436)
calls=7 117 
* 42
* 14
-63 9
fi=(5)
180 7
fe=(77)
+10 2
fi=(5)
73 1
fe=(77)
190 3
fi=(6)
436 7
fi=(5)
182 2
+1 2
-1 1
+3 1
-3 4
+3 2
-3 10
+1 10
-1 5
+3 5
-3 20
+3 10
+8 6
fi=(6)
+74 12
+7 12
+4 12
fe=(77)
170 24
fi=(4)
-30 18
fe=(77)
+31 12
+3 12
+8 12
-8 54
+12 12
-3 6
+1 6
+2 36
+4 24
-4 6
+4 18
cfi=(78)
cfn=(270)
calls=6 772 
* 3863
+3 6
+1 12
-4 6
+4 30
fi=(6)
+93 21
+3 3
-3 9
+3 3
-3 3
+5 6
+25 36
423 6
fi=(5)
196 18
-16 24
+31 7
fe=(77)
-33 1619
-3 4857

fl=(9)
fn=(18) _dl_sysdep_parse_arguments
78 1
+2 1
-2 6
+1 1
+1 1
-1 1
+2 2
+2 1
-2 1
+2 2
-1 1
+1 2
-1 40
+1 80
+7 56
fi=(10) ./elf/../sysdeps/unix/sysv/linux/dl-parse_auxv.h
-49 1
fe=(9)
+45 1
fi=(10)
-54 1
fe=(9)
+54 1
fi=(10)
-54 1
+1 1
+1 1
+7 3
+1 44
+1 22
-2 22
+2 22
-2 67
fe=(9)
+52 3
+1 1
+1 2
fi=(10)
-49 1
+1 1
fe=(9)
+46 1
fi=(10)
-45 1
+3 1
+1 1
+1 1
+1 1
+2 1
-5 1
-4 1
+1 1
+4 1
+1 1
+3 1
-7 1
-4 1
+1 1
+8 1
fe=(9)
+40 1
-1 1
+2 1
+1 6

fn=(16)
102 5
+4 1
-4 1
+1 1
+3 1
cfn=(18)
calls=1 -28 
* 417
+4 2
cfi=(11)
cfn=(22)
calls=1 261 
* 25066
+3 1
cfi=(13)
cfn=(26)
calls=1 289 
* 38
+2 2
cfi=(14) ./elf/../sysdeps/unix/sysv/linux/brk.c
cfn=(30) brk
calls=1 -79 
* 8
fi=(6)
220 1
cfi=(15)
cfn=(34)
calls=1 37 
* 7349
fe=(9)
-98 3
+1 1
cfi=(22)
cfn=(62)
calls=1 -66 
* 17
* 1
+2 2
cfi=(23)
cfn=(64)
calls=1 -88 
* 16
* 3
+12 3
+3 5
cfi=(2)
cfn=(66)
calls=1 1346 
* 1847975
+3 4

fn=(568)
147 1
+1 1

fl=(20) ./elf/../sysdeps/x86/dl-cacheinfo.h
fn=(50) handle_intel.constprop.0
255 24
-5 12
+17 12
-17 96
+11 12
+1 12
+5 36
+4 24
+34 96
-29 12
+3 24
-3 12
+3 36
cfn=(52) intel_check_word.constprop.0
calls=12 123 
* 4092
+2 24
+3 60
cfn=(52)
calls=12 123 
* 1272
+2 24

fn=(52)
123 48
-4 72
+10 24
-10 96
+10 48
-10 24
+10 24
-10 24
+10 24
+2 48
+71 48
fi=(21) ./elf/../bits/stdlib-bsearch.h
32 24
fe=(20)
202 120
-71 96
+2 60
+2 120
+8 120
+51 96
+22 48
fi=(21)
28 48
-1 96
+2 216
+2 168
+1 84
fe=(20)
+78 168
+3 324
fi=(21)
-78 264
-6 528
+2 480
+1 240
fe=(20)
+78 480
+15 12
246 144
fi=(21)
37 120
fe=(20)
155 36
+3 36
-6 12
+3 39
+9 18
+23 21
-32 63
+3 63
+4 58
+2 116
+3 84
+1 48
+1 48
+1 30
+2 11
+2 22
+6 14
+3 8
+1 12
-20 15
+12 4
+2 4
+1 4
-2 4
-1 4
+2 8
-2 4
+3 4
-2 12
+2 12
+11 2
-9 12

fn=(56) get_common_cache_info.constprop.0
571 11
+17 1
+1 1
+9 1
-12 1
+2 1
+2 1
+8 1
-11 1
+3 1
+11 2
-5 3
+17 1
+5 3
+4 2
770 5
+1 5
+4 2
+8 1
-1 1
+1 1
+1 1
+1 7
627 5
+3 6
-32 5
+75 4
+8 5
+2 2
-2 1
+6 3
+3 1
+1 5
-4 4
+21 2
-21 4
+2 1
+2 4
-4 1
+6 4
+3 2
+5 1
+2 2
+1 1
+1 1
-2 2
+1 1
-19 4
+46 2
+1 1
+1 2
+1 1
+25 3
630 3
+10 6
+14 2
+4 1
+3 1
+1 1
-4 2
+3 3
+6 4
-37 12
+7 6
-7 3
+7 2
+3 20
+5 2
+4 1
+1 1
-1 2
+1 1
+61 2
+7 1
+2 2
-16 1
+22 1
-6 2
+1 1
+5 1
-30 5

fl=(63)
fn=(200)
25 1
+2 7
+4 1

fl=(16)
fn=(42) update_active.constprop.0
72 8
+4 1
+10 1
+9 1
+9 1
-19 1
-1 1
+29 1
-4 1
-24 1
+9 1
+9 1
+9 1
-28 2
+25 1
-15 1
-9 1
+9 1
+9 1
+9 1
-3 1
+7 1
-13 1
+9 1
+4 2
-22 1
+22 2
-13 1
+6 1
+3 1
+5 1
+12 1
-8 1
-4 1
+7 1
-3 4
+1 1
+2 1
-2 2
+1 3
+5 1
+2 1
-2 4
+1 1
+1 1
-1 2
+1 1
-1 1
+3 2
+1 4
+14 2
356 2
+4 3
fi=(18) ./elf/../sysdeps/unix/sysv/linux/x86/dl-hwcap2.h
25 2
fi=(19)
+5 1
-2 1
+2 3
fe=(16)
369 1
+1 8
151 2
+1 2
-1 5
+1 2
+2 3
+90 1
+1 1
-1 2
+17 4
+16 2
+5 1
-1 2
+4 4
+4 2
+4 3
+1 2
+3 1
-1 1
+9 1
-5 1
+2 1
-2 1
+5 1
+51 1
fi=(19)
31 1
fe=(16)
356 2
fi=(19)
32 3
+4 3
fe=(16)
158 4
+3 1
+3 2
+14 1
+2 1
+10 3
-12 1
+12 1
-12 1
+2 2
-2 1
+2 1
+8 1
-8 1
+6 3
+2 1
-2 1
+2 3
+7 5
fi=(19)
39 2
+1 4
-2 1
+7 4
+2 1
+1 2
+3 5
+2 4
+1 2
+1 2
+3 1
-1 1
+1 3
fe=(16)
171 1
-5 2
+4 1

fn=(36)
682 1
+17 1
-17 7
+3 1
+1 1
+1 1
+3 1
+9 2
+3 6
1001 3
+1 2
+3 2
+1 2
+6 1
+1 1
+1 1
+1 1
fi=(20)
792 1
+1 1
+2 1
+14 2
+85 1
+1 1
+15 1
-5 1
+5 1
-10 1
-6 1
+2 1
+14 1
-15 1
+2 1
-1 1
+2 1
-1 1
+2 1
-1 1
+1 1
+2 1
+1 1
+1 1
+1 1
+35 2
-15 3
+8 2
+27 6
+9 2
+19 2
+8 6
cfi=(11)
cfn=(28)
calls=1 387 
* 23
* 1
+2 2
+3 4
cfi=(11)
cfn=(28)
calls=1 387 
* 23
* 1
+2 2
+3 4
cfi=(11)
cfn=(28)
calls=1 387 
* 23
* 1
+1 5
+16 2
-12 5
cfi=(11)
cfn=(28)
calls=1 387 
* 23
* 1
+1 3
+6 3
+3 1
-3 2
cfi=(11)
cfn=(28)
calls=1 387 
* 23
* 1
+3 5
-3 1
+3 5
cfi=(11)
cfn=(58)
calls=1 153 
* 62
+1 10
cfi=(11)
cfn=(58)
calls=1 153 
* 62
+1 11
cfi=(11)
cfn=(58)
calls=1 153 
* 62
+3 10
cfi=(11)
cfn=(58)
calls=1 153 
* 62
+2 10
cfi=(11)
cfn=(58)
calls=1 153 
* 62
+13 1
+2 1
fe=(16)
-23 1
fi=(20)
+21 1
+3 1
fe=(16)
-24 1
fi=(20)
+26 1
-5 1
+2 1
-2 1
+3 1
fe=(16)
-24 1
fi=(20)
+25 1
+3 1
-1 1
fe=(16)
-27 1
cfi=(11)
cfn=(28)
calls=1 387 
* 22
+3 4
cfi=(11)
cfn=(28)
calls=1 387 
* 24
+6 3
+54 1
-1 1
+1 1
+45 4
cfi=(11)
cfn=(28)
calls=1 387 
* 22
+2 4
cfi=(11)
cfn=(28)
calls=1 387 
* 22
+6 4
cfi=(11)
cfn=(28)
calls=1 387 
* 24
+7 8
fi=(20)
974 12
fe=(16)
+68 1
-1 2
+1 3
+44 3
+27 2
-10 2
+1 2
+2 3
+1 2
+2 3
+1 2
fi=(20)
811 2
cfn=(50)
calls=1 255 
* 455
+1 1
-1 1
+1 1
cfn=(50)
calls=1 255 
* 503
+1 1
-1 1
+1 1
cfn=(50)
calls=1 255 
* 530
+4 1
-4 1
+1 2
+3 1
cfn=(50)
calls=1 255 
* 476
+2 1
-2 1
+2 1
cfn=(50)
calls=1 255 
* 468
+3 1
-3 1
+1 2
+2 1
cfn=(50)
calls=1 255 
* 446
+2 1
-2 1
+2 1
cfn=(50)
calls=1 255 
* 447
+3 1
-2 1
-1 1
+3 1
cfn=(50)
calls=1 255 
* 494
+2 1
-2 1
+2 1
cfn=(50)
calls=1 255 
* 495
+1 1
+2 1
-3 1
+1 1
+2 1
cfn=(50)
calls=1 255 
* 521
+2 1
-2 1
+2 1
cfn=(50)
calls=1 255 
* 522
+2 1
-2 1
+2 1
cfn=(50)
calls=1 255 
* 523
+2 4
-2 1
+2 1
cfn=(56)
calls=1 571 
* 223
+93 1
-6 3
+6 1
-6 2
+6 2
-6 2
+6 2
-1 2
fe=(16)
708 6
cfn=(38) get_common_indices.constprop.0
calls=1 398 
* 74
376 3
+1 2
+1 6
+5 2
713 1
cfn=(42)
calls=1 72 
* 222
+2 1
+2 1
1015 1
715 2
878 2
+7 2
+2 2
+4 2
+6 2
+2 1
706 2
-3 1
384 6
+5 2
+1 7
717 1
fi=(20)
987 1
-48 1
fe=(16)
717 1
fi=(20)
987 2
fe=(16)
717 6
+4 7
+78 1
-25 3
+92 2
+3 2
fi=(20)
+38 1
fe=(16)
-37 1
-89 2
+51 2

fn=(38)
398 3
+4 4
+3 3
+5 2
-5 1
+5 1
-5 1
+4 1
+1 1
+1 4
+1 4
+1 3
+1 2
+7 2
+2 5
+5 1
-5 1
+5 1
-5 1
+5 1
-5 2
+5 1
+7 1
-7 4
+7 1
+1 3
+6 1
-6 4
+6 1
fi=(17) ./elf/../sysdeps/unix/sysv/linux/x86/dl-minsigstacksize.h
24 2
+3 2
+1 2
+37 3
+7 1
+2 1
fe=(16)
457 3

fl=(187)
fn=(644)
46 792
+2 360
+1 72
+6 72
fi=(298) ./elf/../sysdeps/x86_64/dl-runtime.h
-27 72
fe=(187)
+21 72
+5 72
+1 72
-6 72
+6 144
+1 72
+2 72
-2 72
+2 72
-2 360
+7 144
+4 144
+4 72
-2 72
+2 144
+4 216
+1 288
+1 216
+8 72
-1 72
+1 144
+10 720
cfi=(78)
cfn=(270)
calls=72 772 
* 53643
* 72
+4 360
+10 720
+15 288
+9 216
+26 216
fi=(6)
+75 72
fe=(187)
-71 576
fi=(243) ./elf/../sysdeps/x86_64/dl-irel.h
32 2
cob=(2)
cfi=(89)
cfn=(296)
calls=1 -3 
* 24
cob=(2)
cfi=(98)
cfn=(320)
calls=1 -3 
* 22
fe=(187)
+93 4

fl=(14)
fn=(30)
36 1
fi=(299) ./elf/../sysdeps/unix/sysv/linux/brk_call.h
-12 2
fe=(14)
+13 1
+1 2
+6 1
+1 1

ob=(7)
fl=(185)
fn=(838) std::__cxx11::numpunct<wchar_t>::_M_initialize_numpunct(__locale_struct*)
0 353

fn=(850) std::__cxx11::moneypunct<wchar_t, true>::_M_initialize_moneypunct(__locale_struct*, char const*)
0 109

fn=(870) 0x00000000000ed260
0 25
cob=(4)
cfi=(175)
cfn=(872) 0x00000000049d5750
calls=1 0 
0 1397
0 8
cob=(4)
cfi=(175)
cfn=(726) 0x00000000049d5800
calls=1 0 
0 17
0 7
cob=(4)
cfi=(175)
cfn=(684) 0x00000000049d73c0
calls=1 0 
0 25
0 7
cob=(4)
cfi=(175)
cfn=(726)
calls=1 0 
0 17
0 13
cob=(4)
cfi=(175)
cfn=(890) 0x00000000049d4a50
calls=1 0 
0 1166
0 7
cob=(4)
cfi=(175)
cfn=(726)
calls=1 0 
0 17
0 13
cob=(4)
cfi=(175)
cfn=(902) 0x00000000049d8050
calls=1 0 
0 1183
0 7
cob=(4)
cfi=(175)
cfn=(726)
calls=1 0 
0 17
0 12
cob=(4)
cfi=(175)
cfn=(726)
calls=1 0 
0 17
0 12
cob=(4)
cfi=(175)
cfn=(726)
calls=1 0 
0 17
0 12
cob=(4)
cfi=(175)
cfn=(726)
calls=1 0 
0 17
0 6
cob=(4)
cfi=(175)
cfn=(926) 0x00000000049d8510
calls=1 0 
0 814
0 7
cob=(4)
cfi=(175)
cfn=(726)
calls=1 0 
0 17
0 16
cob=(4)
cfi=(175)
cfn=(938) 0x00000000049d60a0
calls=1 0 
0 1341
0 7
cob=(4)
cfi=(175)
cfn=(726)
calls=1 0 
0 17
0 7
cob=(4)
cfi=(175)
cfn=(684)
calls=1 0 
0 25
0 7
cob=(4)
cfi=(175)
cfn=(726)
calls=1 0 
0 17
0 13
cob=(4)
cfi=(175)
cfn=(956) 0x00000000049d66f0
calls=1 0 
0 1193
0 7
cob=(4)
cfi=(175)
cfn=(726)
calls=1 0 
0 17
0 13
cob=(4)
cfi=(175)
cfn=(968) 0x00000000049d7280
calls=1 0 
0 1169
0 7
cob=(4)
cfi=(175)
cfn=(726)
calls=1 0 
0 17
0 12
cob=(4)
cfi=(175)
cfn=(726)
calls=1 0 
0 17
0 12
cob=(4)
cfi=(175)
cfn=(726)
calls=1 0 
0 17
0 12
cob=(4)
cfi=(175)
cfn=(726)
calls=1 0 
0 17
0 6
cob=(4)
cfi=(175)
cfn=(992) 0x00000000049d6c70
calls=1 0 
0 814
0 6
cob=(4)
cfi=(175)
cfn=(726)
calls=1 0 
0 17
0 4
cob=(4)
cfi=(175)
cfn=(726)
calls=1 0 
0 8
0 4
cob=(4)
cfi=(175)
cfn=(726)
calls=1 0 
0 8
0 5
cob=(4)
cfi=(175)
cfn=(726)
calls=1 0 
0 8
0 5
cob=(4)
cfi=(175)
cfn=(726)
calls=1 0 
0 8
0 4
cob=(4)
cfi=(175)
cfn=(726)
calls=1 0 
0 8
0 5
cob=(4)
cfi=(175)
cfn=(726)
calls=1 0 
0 8
0 10

fn=(1106)
0 4
cob=(4)
cfi=(175)
cfn=(1108) 0x00000000049d5560
calls=1 0 
0 793
0 4

fn=(1112) std::future_category()
0 3

fn=(1198)
0 48

fn=(1518) std::__cxx11::basic_string<char, std::char_traits<char>, std::allocator<char> >::_M_append(char const*, unsigned long)
0 3500
cob=(4)
cfi=(175)
cfn=(1536) 0x00000000049d8260
calls=50 0 
0 1200
0 2200
cob=(4)
cfi=(175)
cfn=(1520) 0x00000000049d8150
calls=150 0 
0 43304
0 400

fn=(1530) std::__cxx11::basic_string<char, std::char_traits<char>, std::allocator<char> >::_M_create(unsigned long&, unsigned long)
0 3450
cob=(4)
cfi=(175)
cfn=(1532) 0x00000000049d4cc0
calls=125 0 
0 9110
0 450
cob=(4)
cfi=(175)
cfn=(1532)
calls=150 0 
0 10034

fn=(682) std::ctype<char>::ctype(unsigned short const*, bool, unsigned long)
0 18
cob=(4)
cfi=(175)
cfn=(684)
calls=1 0 
0 3918
0 103

fn=(812) std::ctype<wchar_t>::_M_convert_to_wmask(unsigned short) const
0 88
cob=(4)
cfi=(175)
cfn=(814) 0x00000000049d5580
calls=1 0 
0 505
0 24
cob=(4)
cfi=(175)
cfn=(814)
calls=1 0 
0 395
0 3
cob=(4)
cfi=(175)
cfn=(814)
calls=1 0 
0 560
0 9
cob=(4)
cfi=(175)
cfn=(814)
calls=1 0 
0 205
0 3
cob=(4)
cfi=(175)
cfn=(814)
calls=1 0 
0 150
0 3
cob=(4)
cfi=(175)
cfn=(814)
calls=1 0 
0 890
0 3
cob=(4)
cfi=(175)
cfn=(814)
calls=1 0 
0 260
0 7
cob=(4)
cfi=(175)
cfn=(814)
calls=1 0 
0 340
0 3
cob=(4)
cfi=(175)
cfn=(814)
calls=1 0 
0 195
0 3
cob=(4)
cfi=(175)
cfn=(814)
calls=1 0 
0 615

fn=(1090)
0 10
cob=(4)
cfi=(175)
cfn=(1092) 0x00000000049d60c0
calls=1 0 
0 799
0 7
cob=(4)
cfi=(175)
cfn=(1076) 0x00000000049d5620
calls=1 0 
0 78
0 3
cob=(4)
cfi=(175)
cfn=(1092)
calls=1 0 
0 7
0 9
cob=(4)
cfi=(175)
cfn=(1076)
calls=1 0 
0 78

fn=(1202)
0 5
cob=(4)
cfi=(175)
cfn=(1076)
calls=1 0 
0 78

fn=(1624) std::__cxx11::basic_string<char, std::char_traits<char>, std::allocator<char> >::_M_replace(unsigned long, unsigned long, char const*, unsigned long)
0 1950
cob=(4)
cfi=(175)
cfn=(1520)
calls=50 0 
0 8238
0 150

fn=(1848) 0x00000000000e8920
0 2

fn=(1860) 0x00000000000b8da0
0 4
cob=(4)
cfi=(175)
cfn=(1854) 0x00000000049d6320
calls=1 0 
0 4

fn=(676) std::locale::facet::_S_get_c_name()
0 21

fn=(748) std::__cxx11::moneypunct<char, false>::_M_initialize_moneypunct(__locale_struct*, char const*)
0 114

fn=(1036) std::basic_ios<char, std::char_traits<char> >::init(std::basic_streambuf<char, std::char_traits<char> >*)
0 32
cob=(4)
cfi=(175)
cfn=(1038) 0x00000000049d7780
calls=4 0 
0 2670
0 12
cob=(4)
cfi=(175)
cfn=(1056) 0x00000000049d7920
calls=4 0 
0 1265
0 52

fn=(1104)
0 3

fn=(1200)
0 5
cob=(4)
cfi=(175)
cfn=(1076)
calls=1 0 
0 78

fn=(1844) 0x00000000000eca40
0 2

fn=(1868) std::ostream::flush()
0 51
cob=(4)
cfi=(175)
cfn=(1870) 0x00000000049d8360
calls=3 0 
0 976
0 21
cfn=(1876) __gnu_cxx::stdio_sync_filebuf<char, std::char_traits<char> >::sync()
calls=3 0 
0 991
0 52
cob=(4)
cfi=(175)
cfn=(1888) 0x00000000049d5970
calls=1 0 
0 2466
0 7
cfn=(1876)
calls=1 0 
0 71
0 2

fn=(1869) std::ostream::flush()'2
0 17
cob=(4)
cfi=(175)
cfn=(1871) 0x00000000049d8360'2
calls=1 0 
0 24
0 7
cfn=(1876)
calls=1 0 
0 71
0 17

fn=(1876)
0 15
cob=(4)
cfi=(175)
cfn=(1878) 0x00000000049d84b0
calls=5 0 
0 1118

fn=(634)
0 8
cob=(4)
cfi=(175)
cfn=(636) 0x00000000049d7040
calls=1 0 
0 86347
0 7
cob=(4)
cfi=(175)
cfn=(1076)
calls=1 0 
0 1024

fn=(730) std::locale::id::_M_id() const
0 948

fn=(832) std::codecvt<wchar_t, char, __mbstate_t>::codecvt(unsigned long)
0 14
cob=(4)
cfi=(175)
cfn=(684)
calls=1 0 
0 25
0 5

fn=(1084)
0 12

fn=(1116)
0 23
cob=(4)
cfi=(175)
cfn=(1118) 0x00000000049d5cb0
calls=1 0 
0 1361
0 27
cob=(4)
cfi=(175)
cfn=(1136) 0x00000000049d5210
calls=1 0 
0 2719
0 8

fn=(1244)
0 50

fn=(1826)
0 9
cob=(4)
cfi=(175)
cfn=(1832) 0x00000000049d42b0
calls=1 0 
0 9192
0 1
cfn=(1922) 0x00000000000b7a30
calls=1 0 
0 5
0 3

fn=(1834) 0x00000000001d0060
0 5

fn=(1840) 0x00000000001b4e90
0 2

fn=(1852) 0x00000000000b8d50
0 4
cob=(4)
cfi=(175)
cfn=(1854)
calls=1 0 
0 812

fn=(1892) std::uncaught_exception()
0 8
cob=(4)
cfi=(175)
cfn=(1894) 0x00000000049d6e80
calls=2 0 
0 1709
0 10

fn=(656) 0x00000000000e98b0
0 12
cob=(4)
cfi=(175)
cfn=(666) 0x00000000049d5410
calls=1 0 
0 74189
0 9
cob=(4)
cfi=(175)
cfn=(1018) 0x00000000049d4780
calls=1 0 
0 787
0 176

fn=(724) std::locale::_Impl::_M_install_facet(std::locale::id const*, std::locale::facet const*)
0 480
cob=(4)
cfi=(175)
cfn=(726)
calls=32 0 
0 1306
0 11712

fn=(766) std::__timepunct<char>::_M_initialize_timepunct(__locale_struct*)
0 13
cob=(4)
cfi=(175)
cfn=(684)
calls=1 0 
0 25
0 119

fn=(772) std::__cxx11::messages<char>::messages(unsigned long)
0 14
cob=(4)
cfi=(175)
cfn=(684)
calls=1 0 
0 25
0 2
cob=(4)
cfi=(175)
cfn=(672) 0x00000000049d53e0
calls=1 0 
0 5
0 5

fn=(784) std::ctype<wchar_t>::_M_initialize_ctype()
0 11
cob=(4)
cfi=(175)
cfn=(786) 0x00000000049d7000
calls=1 0 
0 843
0 770
cob=(4)
cfi=(175)
cfn=(792) 0x00000000049d6040
calls=128 0 
0 4363
0 262
cob=(4)
cfi=(175)
cfn=(798) 0x00000000049d7b80
calls=1 0 
0 812
0 510
cob=(4)
cfi=(175)
cfn=(798)
calls=255 0 
0 11618
0 1086
cob=(4)
cfi=(175)
cfn=(808) 0x00000000049d5f00
calls=8 0 
0 3402
0 72
cob=(4)
cfi=(175)
cfn=(808)
calls=4 0 
0 1745
0 23
cob=(4)
cfi=(175)
cfn=(786)
calls=1 0 
0 24
0 2

fn=(856) std::__timepunct<wchar_t>::__timepunct(std::__timepunct_cache<wchar_t>*, unsigned long)
0 16
cob=(4)
cfi=(175)
cfn=(672)
calls=1 0 
0 5
0 4
cob=(4)
cfi=(175)
cfn=(858) 0x00000000049d6300
calls=1 0 
0 1190
0 4

fn=(868) std::__cxx11::messages<wchar_t>::messages(unsigned long)
0 14
cob=(4)
cfi=(175)
cfn=(684)
calls=1 0 
0 25
0 2
cob=(4)
cfi=(175)
cfn=(672)
calls=1 0 
0 5
0 5

fn=(906) std::moneypunct<char, true>::_M_initialize_moneypunct(__locale_struct*, char const*)
0 115

fn=(960) std::moneypunct<wchar_t, false>::_M_initialize_moneypunct(__locale_struct*, char const*)
0 109

fn=(1042) std::ios_base::_M_init()
0 120
cob=(4)
cfi=(175)
cfn=(650) 0x00000000049d58d0
calls=8 0 
0 256
0 24
cob=(4)
cfi=(175)
cfn=(1044) 0x00000000049d69c0
calls=8 0 
0 942
0 16
cob=(4)
cfi=(175)
cfn=(1050) 0x00000000049d6ea0
calls=8 0 
0 866
0 64

fn=(1096) std::error_category::error_category()
0 10

fn=(1226)
0 34

fn=(1270)
0 50

fn=(1430) std::__detail::_Prime_rehash_policy::_M_next_bkt(unsigned long) const
0 3800

fn=(1546) operator delete(void*)
0 2350
cob=(4)
cfi=(175)
cfn=(1548) 0x00000000049d5c60
calls=1175 0 
0 115489

fn=(1862) std::ios_base::Init::~Init()
0 14
cob=(4)
cfi=(175)
cfn=(1864) 0x00000000049d68a0
calls=1 0 
0 2402
0 2
cob=(4)
cfi=(175)
cfn=(1864)
calls=1 0 
0 2832
0 2
cob=(4)
cfi=(175)
cfn=(1864)
calls=1 0 
0 138
0 2
cob=(4)
cfi=(175)
cfn=(1906) 0x00000000049d7980
calls=1 0 
0 2024
0 2
cob=(4)
cfi=(175)
cfn=(1906)
calls=1 0 
0 401
0 2
cob=(4)
cfi=(175)
cfn=(1906)
calls=1 0 
0 138
0 2

fn=(1916) std::basic_ostream<wchar_t, std::char_traits<wchar_t> >::sentry::sentry(std::basic_ostream<wchar_t, std::char_traits<wchar_t> >&)
0 48
cob=(4)
cfi=(175)
cfn=(1907) 0x00000000049d7980'2
calls=1 0 
0 138
0 27

fn=(1917) std::basic_ostream<wchar_t, std::char_traits<wchar_t> >::sentry::sentry(std::basic_ostream<wchar_t, std::char_traits<wchar_t> >&)'2
0 22

fn=(670) std::locale::_Impl::_Impl(unsigned long)
0 142
cob=(4)
cfi=(175)
cfn=(672)
calls=1 0 
0 865
0 7
cob=(4)
cfi=(175)
cfn=(678) 0x00000000049d47a0
calls=1 0 
0 4791
0 4
cob=(4)
cfi=(175)
cfn=(720) 0x00000000049d60e0
calls=1 0 
0 2152
0 4
cob=(4)
cfi=(175)
cfn=(732) 0x00000000049d59e0
calls=1 0 
0 876
0 4
cob=(4)
cfi=(175)
cfn=(720)
calls=1 0 
0 400
0 24
cob=(4)
cfi=(175)
cfn=(738) 0x00000000049d7700
calls=1 0 
0 1469
0 4
cob=(4)
cfi=(175)
cfn=(720)
calls=1 0 
0 400
0 8
cob=(4)
cfi=(175)
cfn=(720)
calls=1 0 
0 400
0 8
cob=(4)
cfi=(175)
cfn=(720)
calls=1 0 
0 400
0 5
cob=(4)
cfi=(175)
cfn=(684)
calls=1 0 
0 25
0 5
cob=(4)
cfi=(175)
cfn=(720)
calls=1 0 
0 400
0 29
cob=(4)
cfi=(175)
cfn=(744) 0x00000000049d5e30
calls=1 0 
0 1230
0 4
cob=(4)
cfi=(175)
cfn=(720)
calls=1 0 
0 400
0 29
cob=(4)
cfi=(175)
cfn=(750) 0x00000000049d7530
calls=1 0 
0 1231
0 4
cob=(4)
cfi=(175)
cfn=(720)
calls=1 0 
0 400
0 8
cob=(4)
cfi=(175)
cfn=(720)
calls=1 0 
0 400
0 8
cob=(4)
cfi=(175)
cfn=(720)
calls=1 0 
0 400
0 35
cob=(4)
cfi=(175)
cfn=(756) 0x00000000049d6a00
calls=1 0 
0 2125
0 4
cob=(4)
cfi=(175)
cfn=(720)
calls=1 0 
0 400
0 8
cob=(4)
cfi=(175)
cfn=(720)
calls=1 0 
0 400
0 8
cob=(4)
cfi=(175)
cfn=(720)
calls=1 0 
0 400
0 4
cob=(4)
cfi=(175)
cfn=(768) 0x00000000049d4630
calls=1 0 
0 846
0 4
cob=(4)
cfi=(175)
cfn=(720)
calls=1 0 
0 400
0 4
cob=(4)
cfi=(175)
cfn=(774) 0x00000000049d4b70
calls=1 0 
0 27169
0 4
cob=(4)
cfi=(175)
cfn=(720)
calls=1 0 
0 400
0 4
cob=(4)
cfi=(175)
cfn=(828) 0x00000000049d55a0
calls=1 0 
0 876
0 4
cob=(4)
cfi=(175)
cfn=(720)
calls=1 0 
0 400
0 23
cob=(4)
cfi=(175)
cfn=(834) 0x00000000049d4c60
calls=1 0 
0 1381
0 4
cob=(4)
cfi=(175)
cfn=(720)
calls=1 0 
0 400
0 8
cob=(4)
cfi=(175)
cfn=(720)
calls=1 0 
0 400
0 8
cob=(4)
cfi=(175)
cfn=(720)
calls=1 0 
0 400
0 5
cob=(4)
cfi=(175)
cfn=(684)
calls=1 0 
0 25
0 18
cob=(4)
cfi=(175)
cfn=(720)
calls=1 0 
0 400
0 28
cob=(4)
cfi=(175)
cfn=(840) 0x00000000049d6d70
calls=1 0 
0 1241
0 4
cob=(4)
cfi=(175)
cfn=(720)
calls=1 0 
0 400
0 27
cob=(4)
cfi=(175)
cfn=(846) 0x00000000049d5060
calls=1 0 
0 1209
0 4
cob=(4)
cfi=(175)
cfn=(720)
calls=1 0 
0 400
0 8
cob=(4)
cfi=(175)
cfn=(720)
calls=1 0 
0 400
0 8
cob=(4)
cfi=(175)
cfn=(720)
calls=1 0 
0 400
0 35
cob=(4)
cfi=(175)
cfn=(852) 0x00000000049d73b0
calls=1 0 
0 2154
0 4
cob=(4)
cfi=(175)
cfn=(720)
calls=1 0 
0 400
0 8
cob=(4)
cfi=(175)
cfn=(720)
calls=1 0 
0 400
0 8
cob=(4)
cfi=(175)
cfn=(720)
calls=1 0 
0 400
0 4
cob=(4)
cfi=(175)
cfn=(864) 0x00000000049d4ca0
calls=1 0 
0 890
0 4
cob=(4)
cfi=(175)
cfn=(720)
calls=1 0 
0 400
0 8
cob=(4)
cfi=(175)
cfn=(720)
calls=1 0 
0 400
0 8
cob=(4)
cfi=(175)
cfn=(720)
calls=1 0 
0 400
0 8
cob=(4)
cfi=(175)
cfn=(720)
calls=1 0 
0 400
0 8
cob=(4)
cfi=(175)
cfn=(720)
calls=1 0 
0 400
0 9
cfn=(870)
calls=1 0 
0 9745
0 3
cob=(4)
cfi=(175)
cfn=(726)
calls=1 0 
0 8
0 5
cob=(4)
cfi=(175)
cfn=(726)
calls=1 0 
0 8
0 4
cob=(4)
cfi=(175)
cfn=(726)
calls=1 0 
0 8
0 5
cob=(4)
cfi=(175)
cfn=(726)
calls=1 0 
0 8
0 5
cob=(4)
cfi=(175)
cfn=(726)
calls=1 0 
0 8
0 4
cob=(4)
cfi=(175)
cfn=(726)
calls=1 0 
0 8
0 5
cob=(4)
cfi=(175)
cfn=(726)
calls=1 0 
0 8
0 4
cob=(4)
cfi=(175)
cfn=(726)
calls=1 0 
0 8
0 13

fn=(736) std::codecvt<char, char, __mbstate_t>::codecvt(unsigned long)
0 14
cob=(4)
cfi=(175)
cfn=(684)
calls=1 0 
0 25
0 5

fn=(754) std::__cxx11::moneypunct<char, true>::_M_initialize_moneypunct(__locale_struct*, char const*)
0 115

fn=(930) std::messages<char>::messages(unsigned long)
0 14
cob=(4)
cfi=(175)
cfn=(684)
calls=1 0 
0 25
0 2
cob=(4)
cfi=(175)
cfn=(672)
calls=1 0 
0 5
0 5

fn=(1030) std::ios_base::ios_base()
0 480
cob=(4)
cfi=(175)
cfn=(650)
calls=8 0 
0 256

fn=(1204)
0 10
cob=(4)
cfi=(175)
cfn=(1076)
calls=1 0 
0 78
0 7
cob=(4)
cfi=(175)
cfn=(1076)
calls=1 0 
0 78

fn=(1208)
0 34

fn=(1296)
0 10
cob=(4)
cfi=(175)
cfn=(1076)
calls=1 0 
0 78
0 4
cob=(4)
cfi=(175)
cfn=(1076)
calls=1 0 
0 78
0 7
cob=(4)
cfi=(175)
cfn=(1076)
calls=1 0 
0 78

fn=(1524) std::__cxx11::basic_string<char, std::char_traits<char>, std::allocator<char> >::_M_mutate(unsigned long, unsigned long, char const*, unsigned long)
0 8300
cob=(4)
cfi=(175)
cfn=(1526) 0x00000000049d6810
calls=150 0 
0 12734
0 375
cob=(4)
cfi=(175)
cfn=(1526)
calls=125 0 
0 11889
0 1725
cob=(4)
cfi=(175)
cfn=(1536)
calls=150 0 
0 3500
0 2000
cob=(4)
cfi=(175)
cfn=(1536)
calls=150 0 
0 4156
0 1950
cob=(4)
cfi=(175)
cfn=(1542) 0x00000000049d5430
calls=150 0 
0 15177
0 4300

fn=(1850) 0x00000000000e75a0
0 2

fn=(1922)
0 5

fn=(648) std::ios_base::Init::Init()
0 40
cob=(4)
cfi=(175)
cfn=(650)
calls=1 0 
0 75751
0 16
cob=(4)
cfi=(175)
cfn=(650)
calls=1 0 
0 32
0 14
cob=(4)
cfi=(175)
cfn=(650)
calls=1 0 
0 32
0 7
cob=(4)
cfi=(175)
cfn=(1026) 0x00000000049d5300
calls=1 0 
0 820
0 11
cob=(4)
cfi=(175)
cfn=(1032) 0x00000000049d76e0
calls=1 0 
0 4557
0 4
cob=(4)
cfi=(175)
cfn=(1026)
calls=1 0 
0 94
0 15
cob=(4)
cfi=(175)
cfn=(1032)
calls=1 0 
0 185
0 4
cob=(4)
cfi=(175)
cfn=(1026)
calls=1 0 
0 94
0 11
cob=(4)
cfi=(175)
cfn=(1032)
calls=1 0 
0 185
0 4
cob=(4)
cfi=(175)
cfn=(1026)
calls=1 0 
0 94
0 11
cob=(4)
cfi=(175)
cfn=(1032)
calls=1 0 
0 185
0 23
cob=(4)
cfi=(175)
cfn=(650)
calls=1 0 
0 32
0 16
cob=(4)
cfi=(175)
cfn=(650)
calls=1 0 
0 32
0 14
cob=(4)
cfi=(175)
cfn=(650)
calls=1 0 
0 32
0 7
cob=(4)
cfi=(175)
cfn=(1026)
calls=1 0 
0 94
0 11
cob=(4)
cfi=(175)
cfn=(1062) 0x00000000049d6b50
calls=1 0 
0 2251
0 4
cob=(4)
cfi=(175)
cfn=(1026)
calls=1 0 
0 94
0 15
cob=(4)
cfi=(175)
cfn=(1062)
calls=1 0 
0 185
0 4
cob=(4)
cfi=(175)
cfn=(1026)
calls=1 0 
0 94
0 11
cob=(4)
cfi=(175)
cfn=(1062)
calls=1 0 
0 185
0 4
cob=(4)
cfi=(175)
cfn=(1026)
calls=1 0 
0 94
0 11
cob=(4)
cfi=(175)
cfn=(1062)
calls=1 0 
0 185
0 15

fn=(654) std::locale::locale()
0 220
cfn=(656)
calls=22 0 
0 75173
0 264

fn=(760) std::__timepunct<char>::__timepunct(std::__timepunct_cache<char>*, unsigned long)
0 16
cob=(4)
cfi=(175)
cfn=(672)
calls=1 0 
0 5
0 4
cob=(4)
cfi=(175)
cfn=(762) 0x00000000049d6ec0
calls=1 0 
0 1169
0 4

fn=(942) std::numpunct<wchar_t>::_M_initialize_numpunct(__locale_struct*)
0 353

fn=(1022) std::locale::locale(std::locale::_Impl*)
0 3

fn=(1072) std::basic_ios<wchar_t, std::char_traits<wchar_t> >::_M_cache_locale(std::locale const&)
0 36
cob=(4)
cfi=(175)
cfn=(726)
calls=4 0 
0 32
0 28
cob=(4)
cfi=(175)
cfn=(726)
calls=4 0 
0 32
0 28
cob=(4)
cfi=(175)
cfn=(726)
calls=4 0 
0 32
0 36

fn=(1846) 0x00000000000eca30
0 2

fn=(1874) std::ostream::sentry::sentry(std::ostream&)
0 48
cob=(4)
cfi=(175)
cfn=(1865) 0x00000000049d68a0'2
calls=1 0 
0 138
0 27

fn=(1875) std::ostream::sentry::sentry(std::ostream&)'2
0 22

fn=(1898) __cxa_get_globals
0 10
cob=(4)
cfi=(175)
cfn=(1900) 0x00000000049d6140
calls=2 0 
0 944
0 6

fn=(1910) std::basic_ostream<wchar_t, std::char_traits<wchar_t> >::flush()
0 51
cob=(4)
cfi=(175)
cfn=(1912) 0x00000000049d6340
calls=3 0 
0 1184
0 21
cfn=(1918) __gnu_cxx::stdio_sync_filebuf<wchar_t, std::char_traits<wchar_t> >::sync()
calls=3 0 
0 213
0 52
cob=(4)
cfi=(175)
cfn=(1888)
calls=1 0 
0 35
0 7
cfn=(1918)
calls=1 0 
0 71
0 2

fn=(1911) std::basic_ostream<wchar_t, std::char_traits<wchar_t> >::flush()'2
0 17
cob=(4)
cfi=(175)
cfn=(1913) 0x00000000049d6340'2
calls=1 0 
0 24
0 7
cfn=(1918)
calls=1 0 
0 71
0 17

fn=(1918)
0 15
cob=(4)
cfi=(175)
cfn=(1878)
calls=5 0 
0 340

fn=(700) 0x00000000000d0450
0 7
cob=(4)
cfi=(175)
cfn=(704) 0x00000000049d5500
calls=1 0 
0 1895

fn=(742) std::__cxx11::numpunct<char>::_M_initialize_numpunct(__locale_struct*)
0 417

fn=(778) std::ctype<wchar_t>::ctype(unsigned long)
0 14
cob=(4)
cfi=(175)
cfn=(684)
calls=1 0 
0 25
0 7
cob=(4)
cfi=(175)
cfn=(780) 0x00000000049d5a90
calls=1 0 
0 26387

fn=(862) std::__timepunct<wchar_t>::_M_initialize_timepunct(__locale_struct*)
0 12
cob=(4)
cfi=(175)
cfn=(684)
calls=1 0 
0 25
0 117

fn=(876) std::numpunct<char>::_M_initialize_numpunct(__locale_struct*)
0 417

fn=(894) std::moneypunct<char, false>::_M_initialize_moneypunct(__locale_struct*, char const*)
0 114

fn=(972) std::moneypunct<wchar_t, true>::_M_initialize_moneypunct(__locale_struct*, char const*)
0 109

fn=(996) std::messages<wchar_t>::messages(unsigned long)
0 14
cob=(4)
cfi=(175)
cfn=(684)
calls=1 0 
0 25
0 2
cob=(4)
cfi=(175)
cfn=(672)
calls=1 0 
0 5
0 5

fn=(1048) std::locale::operator=(std::locale const&)
0 184

fn=(1060) std::basic_ios<char, std::char_traits<char> >::_M_cache_locale(std::locale const&)
0 36
cob=(4)
cfi=(175)
cfn=(726)
calls=4 0 
0 32
0 28
cob=(4)
cfi=(175)
cfn=(726)
calls=4 0 
0 32
0 28
cob=(4)
cfi=(175)
cfn=(726)
calls=4 0 
0 32
0 36

fn=(1066) std::basic_ios<wchar_t, std::char_traits<wchar_t> >::init(std::basic_streambuf<wchar_t, std::char_traits<wchar_t> >*)
0 32
cob=(4)
cfi=(175)
cfn=(1038)
calls=4 0 
0 404
0 12
cob=(4)
cfi=(175)
cfn=(1068) 0x00000000049d8270
calls=4 0 
0 1265
0 52

fn=(1172)
0 78

fn=(1302)
0 5
cob=(4)
cfi=(175)
cfn=(1076)
calls=1 0 
0 78

fn=(1424) std::__detail::_Prime_rehash_policy::_M_need_rehash(unsigned long, unsigned long, unsigned long) const
0 16000
cob=(4)
cfi=(175)
cfn=(1426) 0x00000000049d5610
calls=100 0 
0 4930
0 800

fn=(1636) std::chrono::_V2::system_clock::now()
0 900
cob=(4)
cfi=(175)
cfn=(1638) 0x00000000049d4c30
calls=100 0 
0 2169
0 700

fn=(1648) std::__cxx11::basic_string<char, std::char_traits<char>, std::allocator<char> >::_M_replace_aux(unsigned long, unsigned long, unsigned long, char)
0 19925
cob=(4)
cfi=(175)
cfn=(1650) 0x00000000049d4890
calls=250 0 
0 5431
0 6400
cob=(4)
cfi=(175)
cfn=(1520)
calls=75 0 
0 16175
0 1025

fn=(1842) 0x00000000001b4e80
0 2

fn=(844) std::__cxx11::moneypunct<wchar_t, false>::_M_initialize_moneypunct(__locale_struct*, char const*)
0 109

fn=(1054) std::locale::~locale()
0 96

fn=(1418) operator new(unsigned long)
0 12925
cob=(4)
cfi=(175)
cfn=(1136)
calls=1175 0 
0 94995
0 5875

fn=(1838) 0x00000000001b4ea0
0 2

fn=(1858) std::error_category::~error_category()
0 4

fn=(688) std::locale::facet::_S_get_c_locale()
0 112
cob=(4)
cfi=(175)
cfn=(690) 0x00000000049d5790
calls=14 0 
0 3131
0 98

fn=(708) std::locale::facet::_S_create_c_locale(__locale_struct*&, char const*, __locale_struct*)
0 8
cob=(4)
cfi=(175)
cfn=(710) 0x00000000049d6490
calls=1 0 
0 861
0 6

ob=(2)
fl=(95)
fn=(312)
29 1
fi=(84) ./string/../sysdeps/x86_64/multiarch/ifunc-avx2.h
+11 3
-2 4
fe=(95)
-9 2
fi=(84)
+12 2
+1 3
+3 2
+4 3
+3 5
fe=(95)

fl=(279) ./stdlib/./stdlib/exit.c
fn=(1768) exit
137 2
+1 3
-1 1
+1 1
cfn=(1770) __run_exit_handlers
calls=1 38 
* 11732

fn=(1770)
38 12
+2 2
+3 5
+11 2
+2 2
+38 2
-30 39
+2 12
+1 12
-1 12
+3 106
+44 3
+13 1
-66 1
+66 3
+2 2
+3 2
cfi=(291) ./posix/../sysdeps/unix/sysv/linux/_exit.c
cfn=(1988) _Exit
calls=1 27 
* 4
-29 1
+1 1
-2 1
+3 1
+3 1
-3 2
+3 3
+1 3
cob=(1)
cfi=(281)
cfn=(1774)
calls=1 -82 
* 11114
+1 4
+10 3
+1 2
-79 1
cfi=(280) ./stdlib/./stdlib/cxa_thread_atexit_impl.c
cfn=(1772) __call_tls_dtors
calls=1 148 
* 13
* 1
+88 1
cfi=(220) ./libio/./libio/genops.c
cfn=(1978) _IO_cleanup
calls=1 842 
* 357
* 1

fl=(128)
fn=(398)
29 1
fi=(109) ./string/../sysdeps/x86_64/multiarch/ifunc-strncpy.h
+6 5
+1 3
+3 2
+4 3
+3 4
fe=(128)
-17 1

fl=(263) ./stdio-common/./stdio-common/printf_fp.c
fn=(1746) hack_digit
88 12
+3 3
-3 3
+3 6
+2 3
+2 6
-2 6
+8 6
+21 9
cfi=(273) ./stdlib/../sysdeps/x86_64/mul_1.S
cfn=(1750) __mpn_mul_1
calls=3 -91 
* 63
+1 6
+1 15
+4 15
-23 18
cfi=(272) ./stdlib/./stdlib/divrem.c
cfn=(1748) __mpn_divrem
calls=3 -59 
* 141
+2 3
-2 3
+2 9
+3 3
-2 3
+2 3
+1 18
+11 3
-4 6

fn=(1730) __printf_fp_buffer_1.isra.0
138 18
+21 1
+18 1
+10 1
-28 7
+62 2
1030 11
226 3
+4 7
+36 1
+5 1
-49 1
+44 4
+1 1
+1 2
+3 13
+1 1
-1 1
+1 3
-1 1
+1 2
-1 1
+1 8
+1 1
-1 2
+1 13
+6 1
-6 2
+7 2
+17 1
+4 4
-4 2
+16 2
+11 1
-41 1
+10 1
+31 1
-30 7
+33 3
+41 1
+1 1
-1 1
+1 3
fi=(268) ./stdio-common/../string/bits/string_fortified.h
29 1
cob=(4)
cfi=(175)
cfn=(1574) 0x0000000004c076b0
calls=1 -29 
* 13
fe=(263)
385 4
+9 12
+2 24
-74 24
-4 12
+4 49
-4 1
+4 4
+15 1
-13 2
fi=(268)
29 2
fe=(263)
388 2
fi=(268)
29 1
cob=(4)
cfi=(175)
cfn=(1574)
calls=1 -29 
* 13
fe=(263)
389 3
+1 3
+1 1
+3 1
-4 1
-1 1
+1 1
+1 3
+5 2
+1 2
+6 2
+4 1
+4 1
-4 1
+4 3
-4 10
+6 2
665 1
+9 1
-9 1
+9 1
+6 1
-15 1
+9 2
+6 1
-6 2
+2 2
+10 2
+52 2
+8 2
fi=(271) ./stdio-common/../sysdeps/pthread/allocalim.h
27 1
fe=(263)
746 1
fi=(271)
27 1
cfi=(270) ./nptl/./nptl/alloca_cutoff.c
cfn=(1742) __libc_alloca_cutoff
calls=1 * 
* 11
+2 2
fe=(263)
759 14
fi=(271)
29 1
fe=(263)
759 3
+4 1
-3 2
+3 2
+3 3
+7 6
+2 2
-4 1
+4 1
+14 2
-2 1
+1 5
+1 1
+1 2
-1 6
+1 14
91 6
792 6
+2 6
91 12
+2 6
+2 12
-2 12
+8 12
+4 36
cfi=(272)
cfn=(1748)
calls=6 -59 
* 282
+2 6
+4 6
-6 6
+2 18
+1 6
+2 12
+1 24
+7 6
+4 18
cfi=(273)
cfn=(1750)
calls=6 -91 
* 126
+1 12
+1 30
793 6
+1 12
+1 12
230 6
cfi=(265) ./stdlib/../sysdeps/ieee754/dbl-64/dbl2mpn.c
cfn=(1732) __mpn_extract_double
calls=1 33 
* 22
* 4
+4 1
805 5
+1 3
cfn=(1746)
calls=1 88 
* 121
+2 2
-2 1
+2 5
fi=(274) ./stdio-common/../sysdeps/generic/get-rounding-mode.h
94 1
+1 7
fi=(275) ./stdio-common/../include/rounding-mode.h
-37 2
fe=(263)
935 2
+45 5
+3 2
+8 2
-4 1
+4 1
+5 2
-9 4
+9 4
fi=(251) ./stdio-common/../include/printf_buffer.h
163 3
fe=(263)
999 4
+2 3
+5 2
fi=(251)
163 3
fe=(263)
1009 3
+13 4
cfi=(248) ./stdio-common/./stdio-common/Xprintf_buffer_write.c
cfn=(1592) __printf_buffer_write
calls=1 27 
* 53
+2 3
+4 3
385 3
cfi=(267) ./stdlib/./stdlib/cmp.c
cfn=(1736) __mpn_cmp
calls=1 31 
* 12
* 2
+3 2
fi=(275)
52 4
fe=(263)
835 1
-5 2
+5 4
+5 3
+2 2
+2 2
+80 3
-69 2
+80 1
-11 3
766 3
-78 2
+1 4
+3 3
+2 1
+2 2
+42 2
994 4
+2 2
308 1
-2 1
+2 1
-3 1
+3 4
-3 2
cfi=(266) ./stdlib/../sysdeps/x86_64/lshift.S
cfn=(1734) __mpn_lshift
calls=1 28 
* 16
+4 2
-4 1
+4 7
+1 2
+1 7
766 3
+3 2
cfn=(1746)
calls=1 88 
* 121
* 2
cfn=(1746)
calls=1 88 
* 121
* 2
-3 7
1003 2
439 2
+3 8
+16 3
+2 1
-2 1
cfi=(269) ./stdlib/../sysdeps/x86_64/rshift.S
cfn=(1740) __mpn_rshift
calls=1 28 
* 18
+3 2
-1 1
+1 1
-1 1
+1 3
cfi=(269)
cfn=(1740)
calls=1 28 
* 18
+2 6
+14 2
694 8
834 2

fn=(1726) __printf_fp_l_buffer
1099 12
+3 1
-3 7
+3 2
+13 2
+2 1
-2 1
cob=(4)
cfi=(175)
cfn=(820) 0x0000000004c07500
calls=1 0 
* 16
* 2
+1 5
+31 11
-30 2
fi=(264) ./stdio-common/../include/../locale/localeinfo.h
331 2
fe=(263)
1111 1
fi=(264)
331 1
fe=(263)
1112 2
+10 7
cfn=(1730)
calls=1 138 
* 1871
+4 1

fl=(115)
fn=(358)
29 1
fi=(300) ./string/../sysdeps/x86_64/multiarch/ifunc-sse4_2.h
+7 5
fe=(115)
-7 1

fl=(134)
fn=(418)
29 1
fi=(135) ./string/../sysdeps/x86_64/multiarch/ifunc-evex.h
+9 3
-1 4
+2 3
+6 2
-3 2
+9 3
+3 4
fe=(134)
-25 1

fl=(213) ./csu/../sysdeps/nptl/libc_start_call_main.h
fn=(1324) (below main)
29 4
+15 1
-15 5
+15 1
cfi=(214) ./setjmp/../sysdeps/x86_64/bsd-_setjmp.S
cfn=(1326) _setjmp
calls=1 -16 
* 38
* 1
+2 2
+5 2
+1 2
+3 2
+3 6
cob=(8)
cfi=(217) /home/frede/code/HierarchyAligner/gssw/src/vg_gwfa_pipeline_test.c
cfn=(1332) main
calls=1 492 
* 419954995
+16 2
cfi=(279)
cfn=(1768)
calls=1 +63 
* 11739

fl=(260) ./debug/./debug/fprintf_chk.c
fn=(1686) __fprintf_chk
25 660
+3 2
+4 1
-4 1
+4 1
+1 1
-1 1
-4 1
+4 3
+1 1
cfi=(246) ./stdio-common/./stdio-common/vfprintf-internal.c
cfn=(1688) __vfprintf_internal
calls=1 1522 
* 3216
-8 174
+3 116
+4 58
-4 58
+4 58
+1 58
-1 58
-4 58
+4 174
+1 58
cfi=(246)
cfn=(1688)
calls=58 1522 
* 46998
+4 295

fl=(273)
fn=(1750)
31 9
+1 9
+3 9
+1 9
+1 9
+1 9
+1 9
+2 9
+1 9
+2 9
+1 9
+1 9
+1 9
+1 9
+2 9
+1 9
+1 9
+1 9
+69 9
+2 9
+3 9

fl=(280)
fn=(1772)
148 4
+1 1
-1 1
+1 3
+16 4

fl=(250) ./stdio-common/./stdio-common/_itoa.c
fn=(1596) _itoa_word
169 2158
+3 8632
+2 4316
+9 36180
+9 4316

fl=(87)
fn=(292)
30 1
fi=(88) ./wcsmbs/../sysdeps/x86_64/multiarch/ifunc-wcslen.h
+11 2
-1 4
+2 3
+3 2
+4 3
+3 3
fe=(87)
-22 1

fl=(98)
fn=(320)
29 3
fi=(99) ./string/../sysdeps/x86_64/multiarch/ifunc-memmove.h
+28 9
-1 6
+4 9
+14 6
+3 6
+8 6
+8 6
+3 15
fe=(98)

fl=(126)
fn=(386)
31 1
fi=(114) ./string/../sysdeps/x86_64/multiarch/ifunc-strcasecmp.h
+6 2
-1 4
fe=(126)
-5 2
fi=(114)
+7 3
+3 2
+4 3
+3 4
fe=(126)

fl=(267)
fn=(1736)
31 1
+4 2
+2 1
+1 1
+1 2
+8 5

fl=(96)
fn=(316)
31 1
fi=(97) ./wcsmbs/../sysdeps/x86_64/multiarch/ifunc-wcs.h
+9 3
-1 4
+2 3
+3 2
+4 4
fe=(96)
-17 1

fl=(138)
fn=(428)
33 1
fi=(99)
+24 3
-1 2
+4 3
+14 2
+3 2
+8 2
+8 2
+3 5
fe=(138)

fl=(269)
fn=(1740)
28 2
+1 2
+1 2
+1 2
+13 2
+1 2
+16 2
+1 2
+1 2
+1 2
+1 2
+1 2
+1 2
+5 2
+1 2
+1 2
+1 2
+1 2

fl=(208) ./misc/./misc/sbrk.c
fn=(1156) sbrk
37 24
+3 3
+3 3
-3 3
+3 3
+35 7
-20 6
+4 6
+4 8
+12 1
-28 1
+28 6
-4 2
cfi=(209) ./misc/../sysdeps/unix/sysv/linux/brk.c
cfn=(1158) brk
calls=2 -38 
* 20
* 4
+4 7
-19 2
cfi=(209)
cfn=(1158)
calls=1 -23 
* 9
* 2
+4 2

fl=(113)
fn=(354)
31 1
fi=(114)
+6 2
-1 4
fe=(113)
-5 2
fi=(114)
+7 3
+3 2
+4 3
+3 4
fe=(113)

fl=(129)
fn=(402)
29 1
fi=(130) ./wcsmbs/../sysdeps/x86_64/multiarch/ifunc-memcmp.h
+5 5
+1 2
+1 2
+1 3
+3 2
+4 3
+3 4
fe=(129)
-18 2

fl=(137)
fn=(424)
31 1
fi=(97)
+9 3
-1 4
+2 3
+3 2
+4 4
fi=(301) ./wcsmbs/../sysdeps/x86_64/multiarch/wcpncpy.c
-17 1
fe=(137)

fl=(228) ./string/../sysdeps/x86_64/multiarch/strncpy-avx2.S
fn=(1386) __strncpy_avx2
54 400
+18 400
+3 400
+3 400
+1 400
+1 400
+1 400
+1 400
+3 400
+1 400
+1 400
+4 400
+7 400
+2 400
+4 200
+2 200
+1 200
+3 200
+1 200
+1 200
+1 200
+2 200
+2 200
+3 200
+1 200
+1 200
+2 200
+1 200
-8 50
+3 50
+1 50
+1 50
+2 50
+1 50
+2 150
+1 150
+2 150
+1 150
+2 150
+1 150
+1 150
+1 150
+2 150
+1 150
+1 150
+10 150
+1 150
+12 300
+20 100
+1 100
+2 100
+2 100
+1 100
+1 100
+1 100
+1 100
+2 100
+2 100
+1 100
+1 100
+4 100
+1 100
+2 50
+1 50
+31 50
+1 50
+1 50
+1 50
+11 50
+1 50
+11 100
+19 50
+1 50
+1 50
+2 50
+1 50
+1 50
+1 50
+1 50
+1 50
+2 50
+1 50
+1 50
+1 50
+2 50
+1 50
+2 50
+4 50
+1 50
+1 50
+1 50
+2 50
+1 50
+1 50
+1 50
+1 50
+1 50
+1 50
+1 50
+3 100
+5 50
+1 50
+1 50
+1 50
+1 50
+2 50
+1 50
+1 50
-8 100
+1 100
+1 100
+1 100
+1 100
+2 100
+1 100
+1 100
+2 100
+1 100
+1 100
+1 100
+2 100
+1 100
+1 100
+1 100
+2 100
+2 100
+1 100
531 200
+2 200
+1 200
+1 200
+2 200
+1 200
+1 200
+28 200
+1 200
+42 200
+1 200
+1 200
+21 200
+2 200

fl=(244) ./debug/./debug/snprintf_chk.c
fn=(1582) __snprintf_chk
27 12600
+1 2100
+9 1050
+1 1050
-1 4200
-4 2100
+4 1050
-4 1050
+5 2100
cfi=(245) ./libio/./libio/vsnprintf.c
cfn=(1584) __vsnprintf_internal
calls=1050 +55 
* 631850
+4 5250

fl=(255) ./debug/./debug/sprintf_chk.c
fn=(1616) __sprintf_chk
25 15750
+3 4200
+6 1050
+2 2100
+3 1050
+1 2100
-1 5250
+1 1050
cfi=(256) ./libio/./libio/iovsprintf.c
cfn=(1618) __vsprintf_internal
calls=1050 -3 
* 578300
+4 5250

fl=(219) ./libio/./libio/fileops.c
fn=(1340) _IO_file_overflow@@GLIBC_2.2.5
732 568
+1 284
+7 353
+37 70
-2 140
+3 16
+3 24
+1 24
+5 8
+1 48
-45 2
+12 2
+9 3
+5 3
+2 2
-5 1
+5 1
+1 1
-5 1
+1 1
+4 2
-7 1
+10 2
+13 63
-12 63
+1 63
+11 252
-12 63
cfn=(1344) _IO_do_write@@GLIBC_2.2.5
calls=63 424 
* 315
+9 16
-1 8
+1 8
-1 8
cfn=(1344)
calls=8 424 
* 840
* 16
-12 2
+1 2
-28 2
cfi=(220)
cfn=(1342) _IO_doallocbuf
calls=1 343 
* 29
+1 1
+9 1
-9 5

fn=(1348) _IO_file_write@@GLIBC_2.2.5
1174 568
+2 284
-1 142
+6 71
cfi=(222) ./io/../sysdeps/unix/sysv/linux/write.c
cfn=(1350) write
calls=71 25 
* 568
+1 142
+5 71
+1 71
-12 142
+4 213
+1 142
+10 213
+3 426
-4 213

fn=(1884) _IO_file_sync@@GLIBC_2.2.5
793 70
+5 40
+2 10
+1 20
+11 20
+4 50

fn=(1338) _IO_file_xsputn@@GLIBC_2.2.5
1198 441
+7 63
-7 126
+6 252
+9 126
-2 252
+17 189
+40 567
-68 63
+44 63
fi=(221) ./libio/./libio/libioP.h
1025 189
+1 126
fe=(219)
1244 189
cfn=(1340)
calls=63 732 
* 2138
* 126
+6 126
+1 126
+13 126
-11 126
446 126
1251 63
444 63
-10 126
+7 252
fi=(221)
1025 126
+1 126
fe=(219)
449 315
cfn=(1348)
calls=63 1174 
* 2898
+1 63
-1 63
+1 189
+2 63
+4 126
-3 126
-1 126
+4 126
-2 63
1257 126
-1 126
455 126

fn=(1344)
424 71
+2 213
+1 63
-3 24
fi=(221)
1025 8
fe=(219)
424 64
+20 8
-10 16
+7 32
fi=(221)
1025 16
+1 16
fe=(219)
449 32
cfn=(1348)
calls=8 1174 
* 368
* 8
+1 24
+2 8
+4 16
-3 16
-1 16
+4 16
-30 16
+28 8
-28 16
+1 64
+28 16

fl=(214)
fn=(1326)
28 1
+2 1
+2 1
cfi=(215) ./setjmp/../sysdeps/x86_64/setjmp.S
cfn=(1328) __sigsetjmp
calls=1 -1 
* 35

fl=(91)
fn=(300)
29 1
fi=(88)
+12 2
-1 4
+2 3
+3 2
+4 3
+3 3
fe=(91)
-23 1

fl=(131)
fn=(406)
29 1
fi=(93) ./debug/../sysdeps/x86_64/multiarch/ifunc-memmove.h
+28 3
-1 2
+4 3
+14 2
+3 2
+8 2
+8 2
+3 5
fe=(131)

fl=(119)
fn=(366)
31 1
fi=(114)
+6 2
-1 4
fe=(119)
-5 2
fi=(114)
+7 3
+3 2
+4 3
+3 4
fe=(119)

fl=(112)
fn=(352)
67 1
-23 2
-1 4
+24 2
-22 3
+3 2
+4 3
+3 4

fl=(192) ./locale/./locale/uselocale.c
fn=(790) uselocale
30 2
+1 6
+2 4
+3 4
+1 2
+28 6
+1 6
+2 6
+4 6
+1 2

fl=(121)
fn=(374)
29 1
fi=(122) ./string/../sysdeps/x86_64/multiarch/ifunc-memcmp.h
+5 5
+1 2
+1 2
+1 3
+3 2
+4 3
+3 4
fe=(121)
-18 2

fl=(190) ./locale/./locale/newlocale.c
fn=(714) newlocale
43 15
+12 2
277 12
63 2
+3 1
-10 1
+10 2
+7 3
+2 1
-2 1

fl=(199) ./string/../sysdeps/x86_64/multiarch/memcmp-avx2-movbe.S
fn=(826) __memcmp_avx2_movbe
73 49
+7 49
+1 49
+75 39
+10 39
+1 39
+1 39
+3 78
401 49
+1 49
+5 49
+1 49
+1 49
+1 49
+1 49
+3 49
+1 49
+1 49
+1 49
+3 49
+1 49
+1 10
+1 20

fl=(81)
fn=(280)
86 1
fi=(82) ./string/../sysdeps/x86/cacheinfo.h
-27 1
+3 3
+2 1
+1 1
-1 2
+7 3
+2 1
+1 1
-1 2
+5 2
+2 2
+1 2
+1 2
+2 2
+2 2
fe=(81)

fl=(247) ./string/../sysdeps/x86_64/multiarch/strchr-avx2.S
fn=(1590) __strchrnul_avx2
53 6468
+2 6468
+1 6468
+1 6468
+1 6468
+1 6468
+3 6468
+1 6468
+4 6468
+1 6468
+1 6468
+1 6468
+1 6468
+1 6468
+1 6468
+1 6468
+13 6468
+2 12936

fl=(286) ./posix/./posix/register-atfork.c
fn=(1792) __unregister_atfork
82 10
+1 10
-1 20
+1 10
fi=(287) ./posix/../malloc/dynarray-skeleton.c
243 5
fe=(286)
71 10
+38 20
+1 15

fl=(201) ./stdlib/./stdlib/secure-getenv.c
fn=(1122) secure_getenv
28 1
+1 5
cfi=(202) ./stdlib/./stdlib/getenv.c
cfn=(1124) getenv
calls=1 -5 
* 392

fl=(203) ./string/../sysdeps/x86_64/multiarch/strcmp-avx2.S
fn=(1128) __strncmp_avx2
206 3
+24 3
+5 3
+14 3
+25 3
+1 3
+1 3
+2 3
+1 3
+4 3
+4 3
+2 3
+2 3
+3 3
+2 3
+1 3
+11 3
+10 3
+1 3
+3 3
+4 6
+5 3
+1 3
+1 3

fl=(207) ./malloc/./malloc/morecore.c
fn=(1154) __glibc_morecore
25 3
+1 6
-1 6
+4 3
cfi=(208)
cfn=(1156)
calls=3 +8 
* 119
+1 6
+4 4
-7 1
+7 2

fl=(240) ./string/../sysdeps/x86_64/multiarch/memmove-vec-unaligned-erms.S
fn=(1494) __memcpy_avx_unaligned_erms
255 13591
+1 13591
+6 13591
+1 13591
+2 7944
+1 7944
+1 7944
+3 502
+1 502
+1 502
+3 1004
+30 5647
+1 5647
+2 2323
+1 2323
+2 2220
+4 2220
+1 2214
+1 2214
+1 2164
+1 2164
+1 106
+1 106
+2 106
+2 106
-2 2058
+2 2108
+6 6
+1 6
+1 6
+1 6
+1 6
+7 3324
+1 3324
+1 3324
+1 3324
+2 3324
+17 103
+1 103
+1 103
+1 103
+1 103
+7 4808
+1 4808
+1 4808
+1 4808
+1 4808
+1 4808
+1 9616
+5 7442
+1 7442
+5 7392
+1 7392
+2 6842
+1 6842
+1 6842
+2 2034
+1 2034
+1 2034
+1 2034
+1 2034
+1 2034
+1 2034
+1 2034
+1 2034
+1 2034
+1 2034
+1 2034
+1 2034
+1 2034
+1 4068
+4 550
+1 550
+4 550
+2 550
+4 550
+1 550
+11 550
+3 550
+2 550
+2 550
+4 550
+1 550
+9 548
+1 548
+2 548
+2 548
+1 548
+1 548
+3 548
+2 548
+2 548
+2 1096
+6 548
+1 548
+1 548
+1 548
+1 548
+1 548
+1 548
+1 548
+1 548
+1 548
+1 548
+1 548
-11 5138
+1 5138
+1 5138
+1 5138
+1 5138
+1 5138
+1 5138
+1 5138
+1 5138
+1 5138
+1 5138
+1 5138
+2 548
+1 548
+1 548
+1 548
+2 548
+4 1096
+13 2
+1 2
+2 2
+1 2
+1 2
+2 2
+2 2
+2 4
+6 2
+1 2
+1 2
+1 2
+1 2
+1 2
+1 2
+1 2
+1 2
+1 2
+1 2
+1 2
-11 12
+1 12
+1 12
+1 12
+1 12
+1 12
+1 12
+1 12
+1 12
+1 12
+1 12
+1 12
+2 2
+1 2
+1 2
+1 2
+2 2
+1 4
+9 50
+7 50
+1 50
+30 50
+1 50
+4 50
+2 50
+3 50
+4 50
+1 50
+4 50
+4 50
+24 50
+2 50
+2 50
+2 50
+3 50
+1 50
+2 614450
+3 50
+2 50
+2 100

fl=(272)
fn=(1748)
46 126
+3 18
234 81
62 9
+1 9
-16 9
+18 18
+7 54
+1 9
-1 18
+1 18
-1 18
+4 18
+3 9
+2 9

fl=(209)
fn=(1158)
36 3
fi=(302) ./misc/../sysdeps/unix/sysv/linux/brk_call.h
-12 6
fe=(209)
+13 6
+1 6
+6 2
+1 2
-5 2
+1 2

fl=(85)
fn=(288)
29 1
fi=(300)
+7 5
fe=(85)
-7 1

fl=(225) ./string/../sysdeps/x86_64/multiarch/memset-vec-unaligned-erms.S
fn=(1368) __memset_avx2_unaligned_erms
158 6317
+1 12634
+5 6317
+1 6317
+1 3441
+1 3441
+1 3441
+2 2275
+1 2275
+1 4550
+9 816
+1 816
+2 1632
+53 1166
+1 1166
+6 1166
+1 1166
+12 1166
+3 1166
+1 1166
+12 350
+1 350
+13 350
+1 350
+2 350
+3 50
+3 50
+3 50
+1 50
+1 50
+1 50
+1 50
+1 50
+1 100
+3 50
+1 50
+1 50
+1 50
+3 100
-6 300
+1 300
+1 300
+1 300
+3 600
+23 2876
+9 2876
+1 2876
+5 2776
+1 2776
+1 926
+1 926
+1 150
+1 150
+21 100
+1 100
+1 100
+9 1850
+1 1850
+5 1850
+8 776
+1 776
+5 776
+7 150
+1 150
+1 150
+5 150

fl=(196) ./iconv/./iconv/gconv_simple.c
fn=(806) __gconv_btwoc_ascii
49 128
+2 512
+3 128

fl=(265)
fn=(1732)
33 1
+2 1
-2 2
+4 3
+1 5
+9 2
+9 1
-9 1
+9 2
+47 1
+4 1
-4 1
+4 1

fl=(276) ./stdio-common/./stdio-common/printf-parsemb.c
fn=(1760) __parse_one_specmb
66 24
+6 2
-6 2
+9 2
+1 2
+7 2
-11 2
+15 2
+3 10
+25 10
+40 4
+4 2
+1 2
+1 6
+30 4
68 2
191 4
+9 2
+2 2
+1 4
+50 2
-6 2
+6 4
+3 17
360 4
+2 2
-1 2
-1 2
+2 2
+13 2
-2 2
+66 2
-64 8
+59 1
+15 1
-2 2
+15 18
-55 6
+1 1
+31 3
+14 2
fi=(303) ./stdio-common/./stdio-common/printf-parse.h
82 4
cob=(4)
cfi=(175)
cfn=(1588) 0x0000000004c07590
calls=2 -82 
* 42
fe=(276)
457 2
+4 2
-18 1
+1 1
+3 1

fl=(259) ./misc/../sysdeps/unix/syscall-template.S
fn=(1672) munmap
117 5
+5 1

fl=(270)
fn=(1742)
27 1
+1 9
+7 1

fl=(218) ./libio/./libio/iofwrite.c
fn=(1336) fwrite
31 24
+1 4
-1 4
+1 4
-1 8
+4 24
+2 40
+1 13
+1 1
fi=(221)
1025 1
fe=(218)
39 1
fi=(221)
1025 1
+1 2
fe=(218)
39 3
fi=(221)
1025 3
fe=(218)
39 3
fi=(221)
1025 3
+1 6
fe=(218)
39 20
cfi=(219)
cfn=(1338)
calls=4 1198 
* 743
+6 8
fi=(221)
979 8
fe=(218)
45 8
+1 4
+3 36
-11 6
fi=(221)
980 36
fe=(218)
37 16

fl=(277) ./malloc/./malloc/scratch_buffer_set_array_size.c
fn=(1762) __libc_scratch_buffer_set_array_size
30 13
+4 1
+1 2
+10 2
+1 1
+17 6

fl=(103)
fn=(330)
65 1
-22 2
+1 1
-2 4
+2 2
+3 2
+4 3
+3 3
+11 1

fl=(261) ./stdio-common/./stdio-common/printf_buffer_to_file.c
fn=(1690) __printf_buffer_to_file_init
108 59
+1 59
fi=(251)
+18 59
fe=(261)
-18 59
fi=(251)
+28 59
-9 59
+9 59
-13 59
fe=(261)
-13 59
fi=(251)
+13 59
fe=(261)
-12 59
cfn=(1692) __printf_buffer_to_file_switch
calls=59 -83 
* 767

fn=(1692)
29 118
+1 590
+10 118
+1 118
+3 472
+1 118

fn=(1694) __printf_buffer_to_file_done
117 59
+1 177
-1 59
-64 59
+64 354
-66 236
+2 177
+69 59
-1 59
+1 236
-1 59
cfi=(254) ./stdio-common/./stdio-common/Xprintf_buffer_done.c
cfn=(1608) __printf_buffer_done
calls=59 -96 
* 1121
-56 118
cfn=(1692)
calls=59 -36 
* 767
+1 59
-8 59
+1 59
fi=(304) ./stdio-common/../libio/libioP.h
1025 59
fe=(261)
58 59
+1 59
-1 59
fi=(304)
1025 118
+1 118
fe=(261)
59 118
cfi=(219)
cfn=(1338)
calls=59 1198 
* 10089
* 118

fl=(89)
fn=(296)
29 3
fi=(90) ./string/../sysdeps/x86_64/multiarch/ifunc-memset.h
+25 15
+3 9
+7 6
+9 6
+2 6
+10 6
+8 6
+3 15
fe=(89)

fl=(104)
fn=(332)
29 1
fi=(105) ./debug/../sysdeps/x86_64/multiarch/ifunc-memset.h
+25 5
+3 3
+7 2
+9 2
+2 2
+10 2
+8 2
+3 5
fe=(104)

fl=(132)
fn=(410)
33 1
fi=(118) ./string/../sysdeps/x86_64/multiarch/ifunc-strcpy.h
+5 2
+1 1
-1 2
+1 2
+3 2
+4 3
+3 3
fe=(132)
-16 1

fl=(204) ./malloc/./malloc/malloc.c
fn=(1160) alloc_perturb
1985 1068
+2 356

fn=(1400) _int_realloc
4914 6408
+11 3204
+1 4005
+1 3204
+6 1602
+2 1602
+1 2403
+2 3204
+3 1602
+14 285
+53 570
-53 570
+57 285
-57 285
+57 570
-2 570
+2 194
+1 97
+16 97
+1 873
-1 188
+1 6336
-79 1478
+12 1476
+12 2060
cfn=(1152) _int_malloc
calls=515 3846 
* 238217
* 515
+1 1030
+9 515
-6 515
+1 515
+5 1030
+8 515
-1 515
fi=(210) ./malloc/../string/bits/string_fortified.h
29 515
fe=(204)
4993 3090
fi=(210)
29 515
cob=(4)
cfi=(175)
cfn=(1574)
calls=515 -29 
* 15527
fe=(204)
4997 2060
cfn=(1556) _int_free
calls=515 4495 
* 31650
+2 515
+22 188
-4 188
+3 188
+5 188
-4 188
-1 188
+1 188
+3 188
+1 376
cfn=(1556)
calls=188 4495 
* 18779
* 188
-60 234
-1 468
+5 669
cfn=(1610) unlink_chunk.isra.0
calls=223 1608 
* 5034
+44 446
-48 446
-13 1
+1 1
-2 2
+4 4
+2 1
-2 1
+2 1
-2 2
+1 1
-1 2
+4 1
-3 1
+1 1
+2 1

fn=(1556)
4495 42546
+4 18234
+6 24312
+1 12156
+4 30390
+8 24312
-1 12156
+1 12156
+29 5798
-20 5798
-6 5798
+6 11596
+20 23192
1792 4084
4561 8168
+11 13224
+2 9918
1992 3306
4593 3306
1992 6612
4595 3306
+1 3306
+4 6612
+2 3306
-2 3306
+2 3306
+4 6612
+2 9918
+1 3306
+19 12100
+1 204
+29 31800
-21 1556
+3 1556
+18 778
-12 778
+12 3112
-12 778
cfn=(1576) _int_free_merge_chunk
calls=778 +19 
* 99802
3163 1994
+4 1994
-4 1994
+2 7976
+1 1994
+1 1994
4550 1994

fn=(1610)
1608 2044
+2 6132
-2 2044
+2 4088
+3 2044
+1 4088
+2 8176
-3 2044
+6 2044
+1 2044
+1 5966
+2 650
+1 975
+3 650
+14 325
+1 325
+3 4088

fn=(1462) sysmalloc_mmap.isra.0
2400 5
+13 3
-13 1
+18 2
+3 9
cfi=(237) ./misc/../sysdeps/unix/sysv/linux/mmap64.c
cfn=(1464) mmap
calls=1 47 
* 26
* 1
+3 2
+4 2
2008 4
2432 4
cfi=(238) ./misc/../sysdeps/unix/sysv/linux/setvmaname.c
cfn=(1466) __set_vma_name
calls=1 33 
* 59
+16 3
+19 1
-1 1
+5 1
-4 2
+4 2
+1 5
+3 3
+1 5
+5 7

fn=(1712) sysmalloc_mmap_fallback.constprop.0
2490 11
+4 1
+3 3
+1 5
+3 2
+5 1
-1 2
+3 8
cfi=(237)
cfn=(1464)
calls=1 47 
* 26
* 1
+3 2
+4 2
+4 4
cfi=(238)
cfn=(1466)
calls=1 33 
* 21
+5 1
+2 1
+2 9
2008 4

fn=(1140) malloc
3294 30808
+7 7702
1326 7700
+19 18005
3311 5202
+2 15404
+3 7700
+10 1186
+28 3558
3248 4
cfn=(1150) tcache_init.part.0
calls=1 -6 
* 473
+68 2
+2 11250
3178 6516
+4 6516
+4 3258
+4 3258
-4 9774
+4 3258
+1 3258
3354 19548
-26 2372
cfn=(1152)
calls=593 3846 
* 113383
+1 2965
fi=(205) ./malloc/./malloc/arena.c
153 1184
264 1
cfn=(1144) ptmalloc_init.part.0
calls=1 -2 
* 1151
fe=(204)
1326 2

fn=(1152)
3846 28974
1326 5268
+19 15612
3887 4884
1794 2442
3914 4884
+65 3550
-63 7100
+3 1775
+2 3550
+2 1304
-6 652
+9 1304
+1 3260
+5 1304
+1 1304
+7 652
-1 1304
+1 3260
+5 1304
3165 652
3945 652
+1 1714
+5 6462
3165 1077
-2 1077
+4 1077
-2 1077
3945 1077
3163 1077
+3 1077
+1 1077
3946 5427
+2 2154
+2 2154
+27 1334
+62 2345
+1 597
+20 1517
-1 1517
-1 1517
+1 3034
+1 3034
-2 3032
+12 7585
-1 1684
+4 1684
+1 842
+2 1684
-3 3084
+1 1542
+2 3084
+1 7152
+2 2384
+1 9536
+2 9536
-10 2384
+12 4768
+1 4768
+2 4768
+11 6424
+29 1937
+1 1937
+4 3874
+29 3752
+8 2652
+1 80
+1 80
-1 80
+4 160
-4 246
+1 246
-1 246
+4 492
3887 384
+27 384
+66 1783
+2 1783
-2 1783
+2 3566
+2 465
+1 930
+6 465
-4 465
+1 465
+1 465
+2 930
+7 1860
-1 930
+1 930
+5 3210
+1 912
+2 590
-92 576
1345 192
3919 384
+2 384
+9 3945
4041 196
cfn=(1710) malloc_consolidate
calls=98 4811 
* 70638
* 98
+93 125
+1 125
-1 125
+1 250
-14 125
+19 250
+1 795
1985 2112
4487 31608
1985 465
4020 465
1985 930
4163 3534
+1 5301
+1 1767
-1 1767
+57 3534
+9 1767
-9 3534
+9 1767
-9 5301
+1 1767
+1 1767
+1 1767
+1 1767
+6 3534
-10 652
+9 326
-9 652
+9 326
-9 978
+1 326
+1 326
+1 326
+1 326
+6 652
+1 3
+1 6
+7 12
4070 6279
4246 1112
+11 3684
+2 594
+3 198
-3 198
+3 396
+1 1268
+71 3564
-4 1188
+1 1188
+1 1188
-1 1188
+1 1188
+1 2376
+1 3564
+5 5891
+16 3903
+2 7806
-4 11192
+8 1693
+3 3386
+2 655
+1 655
+1 655
-2 2620
-27 655
-99 8360
3163 73
+4 73
-4 73
+2 584
+1 146
+1 73
4070 151
+74 10
-45 1428
+2 447
-1 894
+27 281
+1 281
+4 562
+29 523
+8 445
4008 295
+1 295
+1 590
3159 295
4012 295
3167 295
-8 295
+4 295
4013 295
3163 295
+2 1180
+1 295
+2 295
-2 295
+1 295
+1 295
4218 326
-48 326
+48 978
4343 1086
+3 1244
-3 618
+3 812
-3 372
+3 480
-3 184
4443 150
+1 300
+2 300
+3 450
+17 12
4070 468
-91 2808
4169 1570
4343 212
+5 848
+1 424
+24 4152
+3 2076
+2 1038
+3 2076
-3 2076
+3 1038
cfn=(1610)
calls=1038 1608 
* 24342
+3 4152
+15 1360
-5 680
+5 1360
+1 1360
+3 680
+1 680
+1 680
+3 1360
+1 576
+1 1360
+2 386
+3 1544
+2 579
+1 193
1985 193
4421 193
1985 386
4415 3896
+2 1461
+1 487
1985 487
4421 487
1985 1332
4421 358
1985 716
4387 358
-1 358
+1 716
4070 68
3199 68
-21 68
+4 136
+17 3
-21 3
+4 6
+8 71
-4 284
+4 71
+1 142
4248 71
4105 166
-1 166
+3 166
-1 166
+1 332
+1 498
+1 332
+2 296
+4 148
+6 148
-6 148
+7 148
-7 888
+2 444
+5 148
-4 148
+4 148
cfn=(1160)
calls=148 1985 
* 592
-7 18
+6 18
-6 18
+7 18
-7 108
+2 54
+5 18
-4 18
+4 18
cfn=(1160)
calls=18 1985 
* 72
+1 166
2552 3
+12 3
-12 15
+12 3
+1 3
+3 4
+8 5
cfn=(1462)
calls=1 2400 
* 148
* 1
+1 2
4482 2
-22 570
cfn=(1160)
calls=190 1985 
* 760
+1 190
-9 294
+2 294
-1 147
+1 147
-3 147
+3 147
+2 147
-2 588
+2 147
+3 374
4266 40
+1 240
+6 80
+5 40
+1 80
-1 80
+1 40
cfn=(1610)
calls=40 1608 
* 1320
+3 160
+13 24
-4 12
+4 24
+1 24
+3 12
+1 12
+1 12
+1 24
+5 96
+2 36
+1 12
+3 12
2553 2
+36 6
+1 2
-1 2
+1 2
+9 14
+6 3
+3 6
2921 6
+1 2
+4 2
+4 10
+5 2
-2 2
+5 2
-3 4
-3 2
+2 2
+1 2
+1 2
-1 6
+1 2
4482 2
2669 6
+8 4
+1 6
+13 2
+2 2
-2 4
+8 10
+8 4
+20 1
+1 1
-1 2
+11 2
+4 2
+2 1
+2 1
-2 1
+2 1
+6 1
-6 1
+9 6
+40 3
+19 2
+3 2
+1 6
+2 1
+1 5
cfi=(207)
cfn=(1154)
calls=1 25 
* 33
+12 4
-12 1
+12 1
2008 4
3882 1
2873 1
+3 1
-1 1
+1 4
+12 1
-11 1
+11 2
-15 1
+3 1
-1 1
+1 4
+12 1
-11 1
+11 2
+7 2
+1 3
+8 1
+2 1
+5 2
+2 4
cfn=(1556)
calls=1 4495 
* 132
* 1
-66 2
-65 1
+84 2
-83 1
-1 2
2017 2
2745 1
+1 1
+6 3
-6 1
+6 3
-20 6
cfn=(1712)
calls=1 2490 
* 104
* 1
+2 2
-25 6
cfi=(207)
cfn=(1154)
calls=2 25 
* 117
+1 4
-1 2
+1 2
2008 1
2711 1
2008 3
2712 2
+3 4
+29 3
4285 28
-1 28
+1 56
+91 9

fn=(1576)
4665 3890
+1 778
-1 2334
+5 4668
+3 1556
+5 2334
+3 1556
+1 1556
+1 1556
1992 2334
4689 1556
+2 24
+2 24
-1 24
+2 96
+2 48
cfn=(1610)
calls=24 1608 
* 549
+18 1556
+6 1458
+4 417
+9 417
-1 417
+1 1251
+1 834
-1 312
-1 312
+1 936
+1 624
+2 729
+2 1458
+5 729
+1 729
+2 2187
+1 729
-45 729
-1 1458
+1 4374
-1 729
cfn=(1578) _int_free_maybe_consolidate
calls=729 +69 
* 17496
+1 49
-1 98
+1 294
-1 49
cfn=(1578)
calls=49 +69 
* 23960
+39 1251
+16 49
+1 147
+1 98
-37 312
+1 312
-1 312
cfn=(1610)
calls=312 1608 
* 7740
+1 312
-47 33
-2 22

fn=(1578)
4770 8558
+6 1556
+22 8558
-20 196
+3 147
-2 49
cfn=(1710)
calls=49 +32 
* 22098
* 49
+5 245

fn=(1710)
4811 147
+17 147
-17 735
+28 147
-28 441
+15 147
+2 147
+13 294
+1 294
-1 2646
+1 2646
+62 4410
+1 1176
-31 3042
+4 2624
+2 1312
+1 2624
+1 2624
+2 2624
-4 209
+1 418
+1 418
+2 418
+1 40
+4 20
+2 20
-2 40
+3 20
+9 40
-12 1501
+2 1501
-2 3002
+3 1501
+9 4054
-56 3042
+4 4563
+1 6084
+8 1521
-3 3042
+3 1521
-3 1521
+4 1521
-4 1521
+5 1521
-5 1521
+5 3042
+2 3042
+1 198
+2 198
-1 198
+2 792
+2 1386
cfn=(1610)
calls=198 1608 
* 4200
* 990
+3 3042
+4 209
+1 627
+16 418
-16 209
cfn=(1610)
calls=209 1608 
* 4542
* 836

fn=(1150)
3242 4
+9 8
+1 3
cfn=(1152)
calls=1 3846 
* 359
+1 2
+8 4
+9 1
fi=(210)
59 2
fe=(204)
3270 1
fi=(210)
59 86
fe=(204)
3274 3

fn=(1364) calloc
3699 3050
+10 1525
-10 10675
+10 12200
+8 3050
+3 4575
+2 3050
+34 7625
fi=(205)
153 3050
fe=(204)
3732 1525
+1 1525
+21 3050
-21 3050
+21 1525
cfn=(1152)
calls=1525 +92 
* 237674
+2 3050
+81 4472
-41 1525
-12 1525
+12 3050
+3 7625
+8 1525
+2 3050
+2 3050
+5 559
+2 559
-2 559
+3 1118
+2 320
+2 640
+2 194
+2 388
+2 102
-73 4575
+3 4575
+78 966
fi=(210)
59 1932
fe=(204)
3837 5796
fi=(210)
59 966
cob=(4)
cfi=(175)
cfn=(1366) 0x0000000004c07740
calls=966 -59 
* 23236
fe=(204)

fn=(1670) munmap_chunk
3024 1
+2 1
-1 1
+1 2
+2 1
-3 1
-1 1
+4 1
+3 2
+7 1
-8 1
+9 1
-8 1
+1 1
+6 3
+1 4
+3 1
+1 3
+6 1
-1 2
cfi=(259)
cfn=(1672)
calls=1 117 
* 6

fn=(1392) realloc
3407 26950
+6 4900
+4 4900
3538 700
3425 700
3538 4200
3425 700
cfn=(1140)
calls=700 3294 
* 42952
-1 4900
5238 1750
3433 1750
5239 5250
-1 3500
+2 3500
3489 949
+49 15750
5241 1750
3441 3500
+2 1011
+1 2022
+12 2403
fi=(205)
153 2403
fe=(204)
3464 3204
+1 1602
1326 1602
+19 4806
3475 1602
+31 1602
+2 4806
cfn=(1400)
calls=801 4914 
* 368571
* 801
+1 4005
fi=(205)
153 3204
fe=(204)
3509 1602

fn=(1552) free
3359 5475
+4 10950
-4 16125
+14 5375
-14 16125
+12 5375
+4 5375
-4 5375
+4 10750
+17 16122
fi=(205)
153 16122
fe=(204)
3398 16122
cfn=(1556)
calls=5374 4495 
* 441883
+3 5374
+1 32244
-23 3
+2 4
+2 1
+1 1
-1 1
+1 1
+1 1
+3 2
cfn=(1670)
calls=1 3024 
* 36
+13 1
+1 106

fl=(123)
fn=(378)
31 2
fi=(124) ./wcsmbs/../sysdeps/x86_64/multiarch/ifunc-wmemset.h
+5 10
+1 6
fe=(123)
-6 2

fl=(202)
fn=(1124)
24 9
+1 8
+3 1
cob=(4)
cfi=(175)
cfn=(820)
calls=1 -28 
* 16
+1 1
-1 1
+1 166
+2 82
+1 12
cob=(4)
cfi=(175)
cfn=(1126) 0x0000000004c07600
calls=3 -32 
* 81
* 6
+5 9

fl=(283)
fn=(1778)
367 1
51 3
+1 2
367 3
57 2
+8 1
-3 1
-23 1
+1 4
+1 1
+29 1
+2 1
369 2
74 2
+6 4
+4 3
+3 2

fl=(120)
fn=(370)
31 1
fi=(84)
+9 3
-2 4
fe=(120)
-7 2
fi=(84)
+10 2
+1 3
+3 2
+4 3
+3 5
fe=(120)

fl=(216) ./setjmp/./setjmp/sigjmp.c
fn=(1330) __sigjmp_save
28 6
+2 2
-1 1
+5 4

fl=(246)
fn=(1586) __printf_buffer
600 25908
fi=(303)
82 2159
fe=(246)
600 4318
fi=(303)
82 2159
fe=(246)
600 2159
+27 6477
+11 2159
-11 2159
+11 2159
-11 2159
+11 4318
fi=(303)
82 2159
cob=(4)
cfi=(175)
cfn=(1588)
calls=2159 -82 
* 45339
fe=(246)
653 4318
+1 2159
fi=(303)
82 4318
fe=(246)
654 2159
-1 2159
cfi=(248)
cfn=(1592)
calls=2159 27 
* 41193
+2 6477
+4 4318
+4 17272
-32 2159
973 2159
642 2159
973 4318
634 2159
+71 17233
1004 2
+40 23749
-3 16
cfn=(1758) printf_positional
calls=1 +13 
* 643
* 2
705 8614
-13 4307
+7 4307
+6 8614
-14 4307
-4 4307
+18 4307
-10 4307
+10 4307
-7 4307
-4 4307
+11 8614
-19 4307
-1 4307
+20 4307
-12 4307
-9 4307
-1 4307
+22 4307
-15 8614
891 2
+82 2
+3 34
+20 11
+1 1
263 1
+1 1
997 1
744 1
264 2
744 1
263 2
1024 4307
fi=(303)
82 4307
fe=(246)
1018 4307
fi=(303)
82 8614
cob=(4)
cfi=(175)
cfn=(1588)
calls=4307 -82 
* 90447
fe=(246)
1028 8614
+1 4307
fi=(303)
82 4307
fe=(246)
1029 4307
-1 4307
cfi=(248)
cfn=(1592)
calls=4307 27 
* 82201
+3 15061
fi=(251)
164 2148
fi=(249) ./stdio-common/./stdio-common/vfprintf-process-arg.c
378 4296
+2 2148
fi=(251)
163 2148
fi=(249)
380 2148
fi=(251)
163 12888
fi=(249)
388 10836
-1 1098
fi=(251)
148 3294
fi=(249)
387 1050
fi=(251)
148 3150
+1 6444
+14 6444
fe=(246)
784 6
fi=(249)
126 12
+1 42
+74 6
92 6
+1 6
+1 6
201 12
-65 4316
+19 28054
cfi=(250)
cfn=(1596)
calls=2158 +14 
* 55602
+11 4316
-11 4316
+11 8632
-5 17264
+25 10790
+15 4316
-4 6474
+2 6474
+2 4316
+7 2158
-2 4316
+2 6474
+3 4316
+13 4316
fi=(251)
-61 4316
fi=(249)
+70 4316
+3 4316
136 2158
+2 4322
fe=(246)
878 54
-1 6
+1 42
-2 18
-5 54
-1 6
+1 48
+12 6
fi=(249)
66 6
+1 2158
-18 2152
-1 4304
201 6456
58 4304
-23 2152
+22 4304
161 2158
+9 4316
+17 2158
+8 2158
-8 2158
+12 2158
-12 2158
+8 8632
-8 12948
+53 8632
cfi=(248)
cfn=(1592)
calls=2158 27 
* 175658
* 2158
fe=(246)
+26 1
cfi=(263)
cfn=(1726)
calls=1 1099 
* 1947
1001 1
fi=(251)
163 4316
fi=(249)
50 4304
+2 4304
+1 17216
388 4200
fe=(246)

fn=(1758)
1054 21
fi=(278) ./stdio-common/../include/scratch_buffer.h
77 1
+1 1
-1 5
+1 1
fe=(246)
1078 1
+5 2
+14 3
-39 1
+10 1
+5 3
-14 2
+49 4
+9 9
cfi=(276)
cfn=(1760)
calls=1 66 
* 123
* 9
cfi=(276)
cfn=(1760)
calls=1 66 
* 105
* 2
+3 4
-22 4
-1 6
+3 2
fi=(278)
85 8
fe=(246)
1425 11
1128 5
fi=(278)
131 6
cfi=(277)
cfn=(1762)
calls=1 30 
* 25
fe=(246)
1140 2
fi=(278)
131 1
fe=(246)
1140 1
+5 1
+4 1
+1 2
-1 1
+1 1
-1 2
+1 2
+1 1
fi=(268)
59 1
fe=(246)
1145 1
+6 1
+1 6
fi=(268)
59 1
cob=(4)
cfi=(175)
cfn=(1366)
calls=1 -59 
* 17
fe=(246)
1161 12
+16 3
+1 3
-17 8
+3 6
+4 6
+3 8
-10 1
+33 7
-33 1
+33 1
+1 14
1089 5
+5 1
1194 5
+80 4
1397 7
+5 4
+18 2
-3 1
1274 1
1420 1
-3 1
cfi=(248)
cfn=(1592)
calls=1 27 
* 19
1274 8
+15 1
+8 1
+6 1
-3 1
-11 1
+1 1
+7 1
-1 1
-7 1
+1 1
+8 1
+5 1
-7 1
-7 1
+8 1
+1 1
+3 1
-5 1
+1 1
-8 1
+1 1
+1 1
+7 1
-7 1
-1 1
+11 1
-10 1
+1 1
-2 1
+5 1
-3 1
+3 1
-4 1
+1 1
+1 1
+2 1
+7 1
-10 1
+1 1
-2 1
+1 1
+1 1
+15 1
-15 1
+6 1
+3 1
-3 1
+9 2
+16 3
+18 1
-1 2
+25 4
fi=(251)
148 3
+1 3
fe=(246)
1439 3
+2 2
+2 2
+4 2
+2 2
+2 2
+3 3
+7 2
1217 12
1445 2
+24 3
fi=(251)
148 3
+1 4
fe=(246)

fn=(1688)
1522 767
+3 295
+4 295
+11 118
+27 649
-42 118
+18 236
cfi=(261)
cfn=(1690)
calls=59 108 
* 1416
+1 295
cfn=(1586)
calls=59 600 
* 31334
+1 118
cfi=(261)
cfn=(1694)
calls=59 117 
* 14514
* 59

fl=(198) ./string/../sysdeps/x86_64/multiarch/strlen-avx2.S
fn=(822) __strlen_avx2
52 770
+13 770
+1 770
+1 770
+3 770
+2 770
+1 770
+3 769
+1 769
+8 769
+1 769
+1 320
+5 640
+26 50
+13 50
+1 50
+1 50
+6 100
+4 156
+13 156
+1 156
+1 156
+6 312
+4 157
+13 157
+1 157
+1 157
+6 314
+4 37
+13 37
+1 37
+1 37
+6 74
+7 449
+15 449
+6 449
+1 449
+1 449
-8 1
+6 1
+1 1
+1 1
+2 400
+1 400
+1 400
+1 400
+2 244
+1 244
+1 244
+1 244
+2 87
+1 87
+1 87
+1 87
+18 50
+1 100
+14 50
+1 50
+1 50
+1 50
+2 50
+1 50
+1 50
+2 50
+1 50
+1 50
-11 150
+1 150
+1 150
+1 150
+2 150
+1 150
+1 150
+2 150
+1 150
+1 150
+3 50
+1 50
+1 50
+1 50
+1 50
+2 50
+1 50
+1 50
+1 50
+77 50
+1 50
+1 50
+5 100
511 1
+1 1
+1 1
+3 1
+15 1
+1 1

fl=(174) ./nptl/./nptl/pthread_mutex_conf.c
fn=(562) __pthread_tunables_init
55 2
+1 2
-1 2
+1 2
-1 4
+1 1
cob=(4)
cfi=(175)
cfn=(564) 0x0000000004c07720
calls=1 -56 
* 26
+2 4
cob=(4)
cfi=(175)
cfn=(564)
calls=1 -58 
* 25
+2 4
cob=(4)
cfi=(175)
cfn=(564)
calls=1 -60 
* 26
+2 6

fl=(252) ./stdio-common/./stdio-common/Xprintf_buffer_flush.c
fn=(1600) __printf_buffer_flush
61 1050
fi=(251)
+54 1050
fe=(252)
-53 2100
-1 4200
fi=(253) ./stdio-common/./stdio-common/printf_buffer_flush.c
-20 7350
fe=(252)
+25 2100
+4 3150
+1 1050
+1 3150
fi=(253)
-25 1050
cfi=(245)
cfn=(1604) __printf_buffer_flush_snprintf
calls=1050 -12 
* 17850
fi=(251)
+68 1050
fi=(253)
-67 1050
fe=(252)

fl=(83)
fn=(284)
31 2
fi=(84)
+9 6
-2 8
fe=(83)
-7 4
fi=(84)
+10 4
+1 6
+3 4
+4 6
+3 10
fe=(83)

fl=(106)
fn=(336)
28 1
fi=(84)
+12 3
-2 4
fe=(106)
-10 2
fi=(84)
+13 2
+1 3
+3 2
+4 3
+3 5
fe=(106)

fl=(133)
fn=(414)
29 2
fi=(99)
+28 6
-1 4
+4 6
+14 4
+3 4
+8 4
+8 4
+3 10
fe=(133)

fl=(193) ./wcsmbs/./wcsmbs/wctob.c
fn=(796) wctob
30 1280
+9 384
+6 128
-1 256
+35 1152

fl=(215)
fn=(1328)
31 1
+2 1
+9 1
+1 2
+1 1
+4 1
+1 1
+1 1
+1 1
+1 1
+2 2
+2 1
+1 1
+1 1
+2 2
+2 1
+5 1
+1 1
+17 1
cfi=(216)
cfn=(1330)
calls=1 -57 
* 13

fl=(195) ./elf/./elf/libc-dl-profstub.c
fn=(804) _dl_mcount_wrapper_check
36 128
+1 384
+1 128

fl=(227) ./debug/./debug/strncpy_chk.c
fn=(1382) __strncpy_chk
24 400
+1 800
+3 400
cob=(4)
cfi=(175)
cfn=(1384) 0x0000000004c074f0
calls=400 -28 
* 20250

fl=(212) ./csu/../csu/libc-start.c
fn=(1308) __libc_start_main@@GLIBC_2.34
242 13
+69 3
+1 3
cfi=(200) ./stdlib/./stdlib/cxa_atexit.c
cfn=(1080) __cxa_atexit
calls=1 67 
* 76
+25 6
+6 2
-3 2
+10 2
cob=(4)
cfi=(175)
cfn=(1320) 0x0000000004c077b0
calls=1 0 
* 7
+2 2
+8 4
cfi=(213)
cfn=(1324)
calls=1 29 
* 419966800
128 2
+6 3
+1 6
cob=(4)
cfi=(175)
cfn=(1310) 0x000000000010a000
calls=1 0 
* 7
* 1
+3 1
+1 2
+3 2
+1 2
-1 1
+2 7
+1 4
cob=(8)
cfi=(211)
cfn=(1314) 0x0000000000002b30
calls=1 0 
* 12
-1 4

fl=(171) ./ctype/./ctype/ctype-info.c
fn=(556) __ctype_init
29 1
+2 7
+2 4
+2 4
+1 1

fl=(238)
fn=(1466)
33 14
+2 10
+14 21
-9 4
cob=(4)
cfi=(175)
cfn=(564)
calls=1 -40 
* 26
* 3
+7 1
+1 1

fl=(285) ./stdlib/./stdlib/cxa_finalize.c
fn=(1790) __cxa_finalize
30 10
+3 10
-3 40
+3 25
+3 20
+4 162
+1 132
+2 11
+2 11
+36 11
-5 11
-33 11
+35 33
+3 33
+1 33
cob=(7)
cfi=(185)
cfn=(1862)
calls=1 -82 
* 7961
cob=(7)
cfi=(185)
cfn=(1860)
calls=1 -82 
* 8
cob=(7)
cfi=(185)
cfn=(1852)
calls=1 -82 
* 816
cob=(7)
cfi=(185)
cfn=(1850)
calls=1 -82 
* 2
cob=(7)
cfi=(185)
cfn=(1848)
calls=1 -82 
* 2
cob=(7)
cfi=(185)
cfn=(1846)
calls=1 -82 
* 2
cob=(7)
cfi=(185)
cfn=(1844)
calls=1 -82 
* 2
cob=(7)
cfi=(185)
cfn=(1842)
calls=1 -82 
* 2
cob=(7)
cfi=(185)
cfn=(1840)
calls=1 -82 
* 2
cob=(7)
cfi=(185)
cfn=(1838)
calls=1 -82 
* 2
cob=(7)
cfi=(185)
cfn=(1834)
calls=1 -82 
* 5
+1 44
+4 33
-47 34
-4 15
+57 20
+4 30
-4 15
+12 10
cfi=(286)
cfn=(1792)
calls=5 -23 
* 100
+1 20
+1 40

fl=(197) ./wctype/./wctype/wctype_l.c
fn=(818) wctype_l
26 80
+7 10
-7 30
+3 10
cob=(4)
cfi=(175)
cfn=(820)
calls=10 -29 
* 160
* 10
+3 30
+1 10
+7 48
+1 96
-8 48
+2 96
cob=(4)
cfi=(175)
cfn=(820)
calls=48 -35 
* 768
* 20
cob=(4)
cfi=(175)
cfn=(820)
calls=10 -35 
* 160
* 58
+2 312
cob=(4)
cfi=(175)
cfn=(824) 0x0000000004c07580
calls=49 -37 
* 1146
* 98
+8 20
+1 10
+1 80

fl=(188) ./nptl/./nptl/pthread_once.c
fn=(694) pthread_once@@GLIBC_2.34
136 14
+3 14
+1 28
+4 26
-1 1
cfn=(696) __pthread_once_slow
calls=1 -75 
* 1971

fn=(696)
68 11
+8 1
+4 2
+52 10
-44 2
+4 2
+9 2
+13 13
cfi=(189) ./nptl/./nptl/cleanup_compat.c
cfn=(698) _pthread_cleanup_push@@GLIBC_2.34
calls=1 -89 
* 7
+2 1
cob=(7)
cfi=(185)
cfn=(700)
calls=1 0 
* 1902
+2 3
cfi=(189)
cfn=(716) _pthread_cleanup_pop@@GLIBC_2.34
calls=1 -78 
* 6
fi=(191) ./nptl/../sysdeps/nptl/futex-internal.h
+91 3
fe=(188)
-85 1
fi=(191)
+85 5
fe=(188)

fl=(181) ./string/../sysdeps/x86_64/multiarch/strrchr-avx2.S
fn=(604) __strrchr_avx2
53 1
+1 1
+1 1
+2 1
+1 1
+4 1
+1 1
+1 1
+3 1
+2 1
+1 1
+1 1
+1 1
+3 1
+1 1
+2 1
+1 1
+1 1
+1 1
+1 1
+9 2

fl=(256)
fn=(1618)
37 14700
+8 2100
+2 1050
+5 2100
+10 1050
fi=(305) ./libio/../include/printf_buffer.h
+64 1050
fe=(256)
-64 1050
fi=(305)
+65 1050
+1 1050
-4 1050
fe=(256)
-62 1050
cfi=(246)
cfn=(1586)
calls=1050 600 
* 518450
+4 3150
+2 1050
+2 2100
cfi=(254)
cfn=(1608)
calls=1050 -45 
* 19950
+1 6300

fl=(189)
fn=(698)
25 1
+3 1
+1 1
+1 2
+2 1
+1 1

fn=(716)
40 1
+3 2
+4 2
+2 1

fl=(92)
fn=(304)
29 1
fi=(93)
+28 3
-1 2
+4 3
+14 2
+3 2
+8 2
+8 2
+3 5
fe=(92)

fl=(282)
fn=(1776)
77 1
+3 3
+2 1
+2 2
-7 4
+11 2
+91 1
+3 1
+2 1
+3 1
-63 1
+66 3
-93 2
+11 4
+4 1
+3 2
-71 1
+1 7
+1 1
+84 3
+1 2

fl=(107)
fn=(340)
30 1
fi=(101) ./wcsmbs/../sysdeps/x86_64/multiarch/ifunc-avx2.h
+10 3
-2 4
fe=(107)
-8 2
fi=(101)
+11 2
+1 3
+3 2
+4 3
+3 5
fe=(107)

fl=(125)
fn=(382)
29 1
fi=(118)
+9 2
+1 1
-1 2
+1 2
+3 2
+4 3
+3 3
fe=(125)
-20 1

fl=(205)
fn=(1144)
262 1
fi=(206) ./malloc/../sysdeps/unix/sysv/linux/not-cancel.h
97 3
fe=(205)
262 7
+5 1
fi=(206)
97 3
fi=(204)
3143 2
fe=(205)
292 2
+4 3
fi=(204)
1946 4
+3 1
-3 1
+3 2
-3 2
+3 126
-3 126
+3 252
-3 252
+11 1
fe=(205)
300 3
fi=(204)
1958 1
+2 1
fe=(205)
300 1
cob=(4)
cfi=(175)
cfn=(564)
calls=1 0 
* 25
+1 4
cob=(4)
cfi=(175)
cfn=(564)
calls=1 0 
* 26
+1 4
cob=(4)
cfi=(175)
cfn=(564)
calls=1 0 
* 25
+1 4
cob=(4)
cfi=(175)
cfn=(564)
calls=1 0 
* 25
+1 4
cob=(4)
cfi=(175)
cfn=(564)
calls=1 0 
* 26
+1 4
cob=(4)
cfi=(175)
cfn=(564)
calls=1 0 
* 25
+1 4
cob=(4)
cfi=(175)
cfn=(564)
calls=1 0 
* 25
+2 4
cob=(4)
cfi=(175)
cfn=(564)
calls=1 0 
* 25
+1 4
cob=(4)
cfi=(175)
cfn=(564)
calls=1 0 
* 25
+1 4
cob=(4)
cfi=(175)
cfn=(564)
calls=1 0 
* 25
+3 4
cob=(4)
cfi=(175)
cfn=(564)
calls=1 0 
* 25
+1 4
cob=(4)
cfi=(175)
cfn=(564)
calls=1 0 
* 25
+2 2
+10 8

fl=(288) ./libio/./libio/iofflush.c
fn=(1882) fflush
32 10
+1 20
-1 50
+7 20
+1 10
fi=(221)
1025 30
+1 20
fe=(288)
40 20
cfi=(219)
cfn=(1884)
calls=10 793 
* 210
* 20
fi=(221)
979 20
+1 80
fe=(288)
44 50
-5 100

fl=(248)
fn=(1592)
27 8626
+1 25878
-1 60382
+4 21600
+2 4348
+3 2174
fi=(268)
-7 2174
fe=(248)
+8 4348
fi=(268)
-8 2174
fe=(248)
+12 2174
fi=(268)
-12 2174
cob=(4)
cfi=(175)
cfn=(1574)
calls=2174 -29 
* 39324
fe=(248)
+11 6522
-9 4348
+2 8622
cfi=(252)
cfn=(1600)
calls=1050 +28 
* 46200
* 2100
+2 4200
+9 51756

fl=(257) ./time/../sysdeps/unix/sysv/linux/clock_gettime.c
fn=(1642) clock_gettime@@GLIBC_2.17
30 100
+8 200
+2 200
+28 200
+1 200
-25 200

fl=(176) ./nptl/../sysdeps/unix/sysv/linux/x86/elision-conf.c
fn=(566) __lll_elision_init
92 2
+4 1
-4 2
+4 2
-4 1
+4 1
-4 3
+4 1
cob=(4)
cfi=(175)
cfn=(564)
calls=1 -96 
* 26
+2 4
cob=(4)
cfi=(175)
cfn=(564)
calls=1 -98 
* 26
+2 4
cob=(4)
cfi=(175)
cfn=(564)
calls=1 0 
* 26
+2 4
cob=(4)
cfi=(175)
cfn=(564)
calls=1 0 
* 26
+2 4
cob=(4)
cfi=(175)
cfn=(564)
calls=1 0 
* 26
+3 3
+1 1
+1 6

fl=(290) ./nptl/./nptl/libc-cleanup.c
fn=(1982) __libc_cleanup_push_defer
24 2
+1 2
+2 4
+2 4
+3 4
+14 6
+2 2
+1 2

fn=(1984) __libc_cleanup_pop_restore
54 2
+1 2
+2 4
+2 2
+1 6
+11 2

fl=(200)
fn=(1080)
67 84
-26 24
+2 96
+1 24
cfn=(1082) __new_exitfn
calls=12 +36 
* 440
+2 24
+8 12
-2 12
+3 12
+1 12
-4 24
+1 12
+4 48
+1 12
+11 72

fn=(1082)
80 12
+6 24
-6 48
+11 24
-10 12
+10 48
+2 24
+1 55
-1 24
-2 1
+10 1
-10 3
+13 22
+25 11
+1 22
-1 22
+7 11
+5 33
-4 11
+4 22
-5 1
+5 3
-4 1
+4 2
-18 1
-1 1
+12 1

fl=(254)
fn=(1608)
25 2159
+1 6477
+5 4318
+2 25908
+7 2159

fl=(86)
fn=(290)
79 1
-31 2
+1 1
-2 4
+2 2
+3 2
+4 3
+3 3
+20 1

fl=(116)
fn=(360)
60 1
-17 2
-1 4
+2 3
+2 2
+4 3
+10 1

fl=(136)
fn=(422)
29 1
fi=(300)
+7 5
fe=(136)
-7 1

fl=(172) ./resource/../sysdeps/unix/sysv/linux/getrlimit64.c
fn=(558) getrlimit
38 2
+1 7
+1 1

fl=(237)
fn=(1464)
47 2
+3 4
-3 12
+6 4
+5 12
+2 8
-7 10

fl=(170)
fn=(554)
33 9
+2 1
cfi=(171)
cfn=(556)
calls=1 -6 
* 17
+3 1
fi=(173) ./elf/../sysdeps/nptl/pthread_early_init.h
-5 2
fe=(170)
+8 1
-3 1
+3 1
fi=(173)
-8 1
cfi=(172)
cfn=(558)
calls=1 +5 
* 10
* 3
+1 1
+4 5
+7 1
fi=(306) ./elf/../nptl/nptl-stack.h
+16 3
fi=(173)
-16 1
fi=(306)
+16 2
fi=(173)
-7 1
fi=(306)
+7 3
fi=(173)
-9 1
-6 1
+2 2
+4 4
+1 1
+3 1
cfi=(174)
cfn=(562)
calls=1 -1 
* 104
fe=(170)
-9 3
+2 2
-2 1
cfi=(176)
cfn=(566)
calls=1 +45 
* 169

fl=(179)
fn=(598)
46 6
+5 2
+4 5
+8 1
-2 1
+10 1
-9 1
+1 1
+9 3
-1 1
cfi=(180) ./misc/./misc/init-misc.c
cfn=(600) __init_misc
calls=1 -41 
* 50

fl=(182)
fn=(606)
545 1
+1 4
+1 3
+1 3
+2 1

fl=(266)
fn=(1734)
28 1
+1 1
+1 1
+2 1
+1 1
+1 1
+12 1
+1 1
+1 1
+1 1
+1 1
+1 1
+1 1
+6 1
+1 1
+1 1

fl=(245)
fn=(1584)
93 5250
fi=(305)
+31 1050
fe=(245)
-31 2100
fi=(305)
+31 1050
fe=(245)
-31 6300
fi=(305)
+44 1050
-13 1050
+13 1050
-10 1050
+1 1050
fe=(245)
-65 2100
+33 3150
cfi=(246)
cfn=(1586)
calls=1050 600 
* 573050
-21 3150
+1 1050
+11 2100
cfi=(254)
cfn=(1608)
calls=1050 -62 
* 19950
+11 6300

fn=(1604)
35 1050
+2 4200
+2 5250
+4 3150
+7 2100
+3 1050
+2 1050

fl=(127)
fn=(394)
29 2
fi=(84)
+11 6
-2 8
fe=(127)
-9 4
fi=(84)
+12 4
+1 6
+3 4
+4 6
+3 10
fe=(127)

fl=(94)
fn=(308)
29 2
fi=(93)
+28 6
-1 4
+4 6
+14 4
+3 4
+8 4
+8 4
+3 10
fe=(94)

fl=(222)
fn=(1350)
25 71
+1 426
+1 71

fl=(194) ./wcsmbs/./wcsmbs/btowc.c
fn=(802) btowc
32 512
+5 256
-5 2048
+5 1536
+5 512
+4 384
fi=(307) ./wcsmbs/./wcsmbsload.h
+23 128
+1 384
fe=(194)
-23 128
+1 128
-1 128
+1 128
+4 512
+3 256
cfi=(195)
cfn=(804)
calls=128 -19 
* 640
* 512
+39 128
-39 256
+39 512
-39 128
cfi=(196)
cfn=(806)
calls=128 -6 
* 768
+39 1152

fl=(220)
fn=(1980) _IO_flush_all
686 5
+5 1
-5 1
+5 1
-5 6
+5 4
cfi=(290)
cfn=(1982)
calls=1 24 
* 13
+1 6
-5 1
fi=(221)
1025 2
fe=(220)
708 33
+1 3
-14 9
+2 3
+1 27
+2 21
+13 7
+1 2
cfi=(290)
cfn=(1984)
calls=1 54 
* 9
+4 12
-20 9
-6 2
-5 2
+8 1
-3 1
+3 2

fn=(1342)
343 1
+1 2
-1 7
+3 6
-9 1
-5 1
+1 1
+4 1
+13 6
-1 2
-19 1

fn=(1702) __overflow
199 40
+2 24
+2 8
fi=(221)
1025 24
+1 16
fe=(220)
203 8
+1 16
-1 8
cfi=(219)
cfn=(1340)
calls=8 732 
* 1176

fn=(1978)
842 6
-66 1
+66 6
+1 1
cfn=(1980)
calls=1 686 
* 183
-67 2
+67 1
-67 3
cfi=(290)
cfn=(1982)
calls=1 24 
* 13
+1 6
fi=(221)
1025 1
fe=(220)
785 1
-1 1
+1 4
-1 2
+1 25
+9 6
+20 2
+2 4
+1 3
-37 9
+41 7
+1 2
cfi=(290)
cfn=(1984)
calls=1 54 
* 9
+33 12
-78 2
+39 24
-2 1
+2 1
-31 6
+7 7
-15 1
+3 2
-3 1
+3 2

fl=(100)
fn=(324)
31 2
fi=(101)
+9 6
-2 8
fi=(102) ./wcsmbs/../sysdeps/x86_64/multiarch/wcschr.c
-7 4
fi=(101)
+10 4
+1 6
+3 4
+4 6
+3 10
fe=(100)

fn=(390)
31 1
fi=(97)
+9 3
-1 4
+2 3
+3 2
+4 4
fe=(100)
-17 1

fl=(108)
fn=(344)
31 1
fi=(109)
+4 5
+1 3
+3 2
+4 3
+3 4
fe=(108)
-15 1

fl=(180)
fn=(600)
30 1
+1 2
-1 4
+1 4
+2 3
cob=(4)
cfi=(175)
cfn=(602) 0x0000000004c07660
calls=1 -33 
* 24
+4 5
+1 3
+2 4

fl=(262) ./libio/./libio/fputc.c
fn=(1700) fputc
32 72
+3 16
+1 32
+5 8
-5 16
+5 32
-5 8
cfi=(220)
cfn=(1702)
calls=8 199 
* 1320

fl=(291)
fn=(1988)
27 2
+3 2

fl=(117)
fn=(362)
29 1
fi=(118)
+9 2
+1 1
-1 2
+1 2
+3 2
+4 3
+3 3
fe=(117)
-20 1

fl=(139)
fn=(432)
31 1
fi=(114)
+6 2
-1 4
fe=(139)
-5 2
fi=(114)
+7 3
fe=(139)

ob=(4)
fl=(175)
fn=(564)
0 42
cob=(1)
cfi=(11)
cfn=(28)
calls=21 387 
0 493

fn=(602)
0 2
cob=(2)
cfi=(181)
cfn=(604)
calls=1 53 
0 22

fn=(720)
0 64
cob=(7)
cfi=(185)
cfn=(724)
calls=32 0 
0 13498
cob=(1)
cfi=(186)
cfn=(642)
calls=1 71 
0 985
0 5

fn=(732)
0 2
cob=(7)
cfi=(185)
cfn=(736)
calls=1 0 
0 44
cob=(1)
cfi=(186)
cfn=(642)
calls=1 71 
0 825
0 5

fn=(738)
0 2
cob=(7)
cfi=(185)
cfn=(742)
calls=1 0 
0 417
cob=(1)
cfi=(186)
cfn=(642)
calls=1 71 
0 1045
0 5

fn=(820)
0 140
cob=(2)
cfi=(198)
cfn=(822)
calls=70 52 
0 980

fn=(872)
0 2
cob=(7)
cfi=(185)
cfn=(876)
calls=1 0 
0 417
cob=(1)
cfi=(186)
cfn=(642)
calls=1 71 
0 973
0 5

fn=(926)
0 2
cob=(7)
cfi=(185)
cfn=(930)
calls=1 0 
0 51
cob=(1)
cfi=(186)
cfn=(642)
calls=1 71 
0 756
0 5

fn=(956)
0 2
cob=(7)
cfi=(185)
cfn=(960)
calls=1 0 
0 109
cob=(1)
cfi=(186)
cfn=(642)
calls=1 71 
0 1077
0 5

fn=(1108)
0 2
cob=(7)
cfi=(185)
cfn=(1112)
calls=1 0 
0 3
cob=(1)
cfi=(186)
cfn=(642)
calls=1 71 
0 783
0 5

fn=(1374) 0x000000000010a3f0
0 1400
cob=(2)
cfi=(198)
cfn=(822)
calls=700 52 
0 18875

fn=(1438) 0x000000000010a430
0 10200
cob=(2)
cfi=(225)
cfn=(1368)
calls=5100 158 
0 66450

fn=(1614) 0x000000000010a460
0 2100
cob=(2)
cfi=(255)
cfn=(1616)
calls=1050 25 
0 616100

fn=(1936) 0x000000000485a220
0 2
cob=(2)
cfi=(285)
cfn=(1790)
calls=1 30 
0 132

fn=(630)
0 7

fn=(744)
0 2
cob=(7)
cfi=(185)
cfn=(748)
calls=1 0 
0 114
cob=(1)
cfi=(186)
cfn=(642)
calls=1 71 
0 1109
0 5

fn=(780)
0 2
cob=(7)
cfi=(185)
cfn=(784)
calls=1 0 
0 25543
cob=(1)
cfi=(186)
cfn=(642)
calls=1 71 
0 837
0 5

fn=(1026)
0 16
cob=(7)
cfi=(185)
cfn=(1030)
calls=8 0 
0 736
cob=(1)
cfi=(186)
cfn=(642)
calls=1 71 
0 721
0 5

fn=(1092)
0 4
cob=(7)
cfi=(185)
cfn=(1096)
calls=2 0 
0 10
cob=(1)
cfi=(186)
cfn=(642)
calls=1 71 
0 787
0 5

fn=(1320)
0 2
cob=(1)
cfi=(48)
cfn=(1322)
calls=1 118 
0 5

fn=(1572) 0x000000000010a540
0 8600
cob=(2)
cfi=(204)
cfn=(1552)
calls=4300 3359 
0 496676

fn=(1662) 0x000000000010a4e0
0 2050
cob=(7)
cfi=(185)
cfn=(1546)
calls=1025 0 
0 103623

fn=(1804)
0 4

fn=(1832)
0 2
cob=(2)
cfi=(285)
cfn=(1790)
calls=1 30 
0 9190

fn=(1864)
0 6
cob=(7)
cfi=(185)
cfn=(1868)
calls=3 0 
0 4637
cob=(1)
cfi=(186)
cfn=(642)
calls=1 71 
0 724
0 5

fn=(1865)
0 2
cob=(7)
cfi=(185)
cfn=(1869)
calls=1 0 
0 136

fn=(1870)
0 6
cob=(7)
cfi=(185)
cfn=(1874)
calls=3 0 
0 213
cob=(1)
cfi=(186)
cfn=(642)
calls=1 71 
0 752
0 5

fn=(1871)
0 2
cob=(7)
cfi=(185)
cfn=(1875)
calls=1 0 
0 22

fn=(666)
0 2
cob=(7)
cfi=(185)
cfn=(670)
calls=1 0 
0 73437
cob=(1)
cfi=(186)
cfn=(642)
calls=1 71 
0 745
0 5

fn=(672)
0 14
cob=(7)
cfi=(185)
cfn=(676)
calls=7 0 
0 21
cob=(1)
cfi=(186)
cfn=(642)
calls=1 71 
0 855
0 5

fn=(774)
0 2
cob=(7)
cfi=(185)
cfn=(778)
calls=1 0 
0 26433
cob=(1)
cfi=(186)
cfn=(642)
calls=1 71 
0 729
0 5

fn=(834)
0 2
cob=(7)
cfi=(185)
cfn=(838)
calls=1 0 
0 353
cob=(1)
cfi=(186)
cfn=(642)
calls=1 71 
0 1021
0 5

fn=(992)
0 2
cob=(7)
cfi=(185)
cfn=(996)
calls=1 0 
0 51
cob=(1)
cfi=(186)
cfn=(642)
calls=1 71 
0 756
0 5

fn=(1062)
0 8
cob=(7)
cfi=(185)
cfn=(1066)
calls=4 0 
0 1765
cob=(1)
cfi=(186)
cfn=(642)
calls=1 71 
0 1028
0 5

fn=(1416) 0x000000000010a4f0
0 1800
cob=(7)
cfi=(185)
cfn=(1418)
calls=900 0 
0 95903

fn=(1526)
0 550
cob=(7)
cfi=(185)
cfn=(1530)
calls=275 0 
0 23044
cob=(1)
cfi=(186)
cfn=(642)
calls=1 71 
0 1024
0 5

fn=(1532)
0 550
cob=(7)
cfi=(185)
cfn=(1418)
calls=275 0 
0 17892
cob=(1)
cfi=(186)
cfn=(642)
calls=1 71 
0 697
0 5

fn=(1588)
0 12936
cob=(2)
cfi=(247)
cfn=(1590)
calls=6468 53 
0 122892

fn=(1638)
0 200
cob=(2)
cfi=(257)
cfn=(1642)
calls=100 30 
0 1100
cob=(1)
cfi=(186)
cfn=(642)
calls=1 71 
0 864
0 5

fn=(1684) 0x000000000010a630
0 118
cob=(2)
cfi=(260)
cfn=(1686)
calls=59 25 
0 52051

fn=(636)
0 2
cob=(7)
cfi=(185)
cfn=(648)
calls=1 0 
0 85579
cob=(1)
cfi=(186)
cfn=(642)
calls=1 71 
0 761
0 5

fn=(620)
0 7

fn=(858)
0 2
cob=(7)
cfi=(185)
cfn=(862)
calls=1 0 
0 154
cob=(1)
cfi=(186)
cfn=(642)
calls=1 71 
0 1029
0 5

fn=(902)
0 2
cob=(7)
cfi=(185)
cfn=(906)
calls=1 0 
0 115
cob=(1)
cfi=(186)
cfn=(642)
calls=1 71 
0 1061
0 5

fn=(968)
0 2
cob=(7)
cfi=(185)
cfn=(972)
calls=1 0 
0 109
cob=(1)
cfi=(186)
cfn=(642)
calls=1 71 
0 1053
0 5

fn=(1118)
0 2
cob=(2)
cfi=(201)
cfn=(1122)
calls=1 28 
0 398
cob=(1)
cfi=(186)
cfn=(642)
calls=1 71 
0 956
0 5

fn=(1422) 0x000000000010a5b0
0 1600
cob=(7)
cfi=(185)
cfn=(1424)
calls=800 0 
0 21730

fn=(1622) 0x000000000010a5f0
0 100
cob=(7)
cfi=(185)
cfn=(1624)
calls=50 0 
0 10338

fn=(1854)
0 4
cob=(7)
cfi=(185)
cfn=(1858)
calls=2 0 
0 4
cob=(1)
cfi=(186)
cfn=(642)
calls=1 71 
0 803
0 5

fn=(1894)
0 4
cob=(7)
cfi=(185)
cfn=(1898)
calls=2 0 
0 960
cob=(1)
cfi=(186)
cfn=(642)
calls=1 71 
0 740
0 5

fn=(684)
0 28
cob=(7)
cfi=(185)
cfn=(688)
calls=14 0 
0 3341
cob=(1)
cfi=(186)
cfn=(642)
calls=1 71 
0 869
0 5

fn=(690)
0 28
cob=(2)
cfi=(188)
cfn=(694)
calls=14 136 
0 2054
cob=(1)
cfi=(186)
cfn=(642)
calls=1 71 
0 1044
0 5

fn=(704)
0 2
cob=(7)
cfi=(185)
cfn=(708)
calls=1 0 
0 875
cob=(1)
cfi=(186)
cfn=(642)
calls=1 71 
0 1013
0 5

fn=(726)
0 172
cob=(7)
cfi=(185)
cfn=(730)
calls=86 0 
0 948
cob=(1)
cfi=(186)
cfn=(642)
calls=1 71 
0 757
0 5

fn=(750)
0 2
cob=(7)
cfi=(185)
cfn=(754)
calls=1 0 
0 115
cob=(1)
cfi=(186)
cfn=(642)
calls=1 71 
0 1109
0 5

fn=(824)
0 98
cob=(2)
cfi=(199)
cfn=(826)
calls=49 73 
0 1048

fn=(840)
0 2
cob=(7)
cfi=(185)
cfn=(844)
calls=1 0 
0 109
cob=(1)
cfi=(186)
cfn=(642)
calls=1 71 
0 1125
0 5

fn=(1038)
0 16
cob=(7)
cfi=(185)
cfn=(1042)
calls=8 0 
0 2288
cob=(1)
cfi=(186)
cfn=(642)
calls=1 71 
0 765
0 5

fn=(1050)
0 16
cob=(7)
cfi=(185)
cfn=(1054)
calls=8 0 
0 96
cob=(1)
cfi=(186)
cfn=(642)
calls=1 71 
0 749
0 5

fn=(1136)
0 2352
cob=(2)
cfi=(204)
cfn=(1140)
calls=1176 3294 
0 94456
cob=(1)
cfi=(186)
cfn=(642)
calls=1 71 
0 901
0 5

fn=(1390) 0x000000000010a620
0 4900
cob=(2)
cfi=(204)
cfn=(1392)
calls=2450 3407 
0 533847

fn=(1548)
0 2350
cob=(2)
cfi=(204)
cfn=(1552)
calls=1175 3359 
0 112273
cob=(1)
cfi=(186)
cfn=(642)
calls=1 71 
0 861
0 5

fn=(1634) 0x000000000010a3b0
0 200
cob=(7)
cfi=(185)
cfn=(1636)
calls=100 0 
0 3769

fn=(1788) 0x000000000010a370
0 2
cob=(2)
cfi=(285)
cfn=(1790)
calls=1 30 
0 132

fn=(1888)
0 4
cob=(7)
cfi=(185)
cfn=(1892)
calls=2 0 
0 1727
cob=(1)
cfi=(186)
cfn=(642)
calls=1 71 
0 765
0 5

fn=(1928)
0 4

fn=(1976)
0 4

fn=(762)
0 2
cob=(7)
cfi=(185)
cfn=(766)
calls=1 0 
0 157
cob=(1)
cfi=(186)
cfn=(642)
calls=1 71 
0 1005
0 5

fn=(846)
0 2
cob=(7)
cfi=(185)
cfn=(850)
calls=1 0 
0 109
cob=(1)
cfi=(186)
cfn=(642)
calls=1 71 
0 1093
0 5

fn=(852)
0 2
cob=(7)
cfi=(185)
cfn=(856)
calls=1 0 
0 1219
cob=(1)
cfi=(186)
cfn=(642)
calls=1 71 
0 928
0 5

fn=(1126)
0 6
cob=(2)
cfi=(203)
cfn=(1128)
calls=3 206 
0 75

fn=(1334) 0x000000000010a6b0
0 8
cob=(2)
cfi=(218)
cfn=(1336)
calls=4 31 
0 1030

fn=(1366)
0 1934
cob=(2)
cfi=(225)
cfn=(1368)
calls=967 158 
0 21319

fn=(1376) 0x000000000010a5c0
0 3950
cob=(2)
cfi=(204)
cfn=(1140)
calls=1975 3294 
0 148030

fn=(1426)
0 200
cob=(7)
cfi=(185)
cfn=(1430)
calls=100 0 
0 3800
cob=(1)
cfi=(186)
cfn=(642)
calls=1 71 
0 925
0 5

fn=(1516) 0x000000000010a3c0
0 400
cob=(7)
cfi=(185)
cfn=(1518)
calls=200 0 
0 50604

fn=(1536)
0 700
cob=(2)
cfi=(240)
cfn=(1494)
calls=350 255 
0 7100
cob=(1)
cfi=(186)
cfn=(642)
calls=1 71 
0 1051
0 5

fn=(1574)
0 5382
cob=(2)
cfi=(240)
cfn=(1494)
calls=2691 255 
0 49495

fn=(1580) 0x000000000010a470
0 2100
cob=(2)
cfi=(244)
cfn=(1582)
calls=1050 27 
0 664400

fn=(1646) 0x000000000010a6a0
0 1050
cob=(7)
cfi=(185)
cfn=(1648)
calls=525 0 
0 48956

fn=(1650)
0 500
cob=(2)
cfi=(225)
cfn=(1368)
calls=250 158 
0 4125
cob=(1)
cfi=(186)
cfn=(642)
calls=1 71 
0 801
0 5

fn=(1824)
0 4

fn=(1878)
0 20
cob=(2)
cfi=(288)
cfn=(1882)
calls=10 32 
0 660
cob=(1)
cfi=(186)
cfn=(642)
calls=1 71 
0 773
0 5

fn=(1906)
0 6
cob=(7)
cfi=(185)
cfn=(1910)
calls=3 0 
0 1636
cob=(1)
cfi=(186)
cfn=(642)
calls=1 71 
0 916
0 5

fn=(1907)
0 2
cob=(7)
cfi=(185)
cfn=(1911)
calls=1 0 
0 136

fn=(608)
0 7

fn=(798)
0 512
cob=(2)
cfi=(194)
cfn=(802)
calls=256 32 
0 11136
cob=(1)
cfi=(186)
cfn=(642)
calls=1 71 
0 777
0 5

fn=(808)
0 24
cob=(7)
cfi=(185)
cfn=(812)
calls=12 0 
0 4261
cob=(1)
cfi=(186)
cfn=(642)
calls=1 71 
0 857
0 5

fn=(814)
0 20
cob=(2)
cfi=(197)
cfn=(818)
calls=10 26 
0 3300
cob=(1)
cfi=(186)
cfn=(642)
calls=1 71 
0 790
0 5

fn=(890)
0 2
cob=(7)
cfi=(185)
cfn=(894)
calls=1 0 
0 114
cob=(1)
cfi=(186)
cfn=(642)
calls=1 71 
0 1045
0 5

fn=(1018)
0 2
cob=(7)
cfi=(185)
cfn=(1022)
calls=1 0 
0 3
cob=(1)
cfi=(186)
cfn=(642)
calls=1 71 
0 777
0 5

fn=(1032)
0 8
cob=(7)
cfi=(185)
cfn=(1036)
calls=4 0 
0 4031
cob=(1)
cfi=(186)
cfn=(642)
calls=1 71 
0 1068
0 5

fn=(1044)
0 16
cob=(7)
cfi=(185)
cfn=(1048)
calls=8 0 
0 184
cob=(1)
cfi=(186)
cfn=(642)
calls=1 71 
0 737
0 5

fn=(1068)
0 8
cob=(7)
cfi=(185)
cfn=(1072)
calls=4 0 
0 224
cob=(1)
cfi=(186)
cfn=(642)
calls=1 71 
0 1028
0 5

fn=(1380) 0x000000000010a450
0 800
cob=(2)
cfi=(227)
cfn=(1382)
calls=400 24 
0 21850

fn=(1492) 0x000000000010a4d0
0 21100
cob=(2)
cfi=(240)
cfn=(1494)
calls=10550 255 
0 896650

fn=(1520)
0 550
cob=(7)
cfi=(185)
cfn=(1524)
calls=275 0 
0 66106
cob=(1)
cfi=(186)
cfn=(642)
calls=1 71 
0 1056
0 5

fn=(1900)
0 4
cob=(1)
cfi=(289)
cfn=(1904)
calls=2 29 
0 24
cob=(1)
cfi=(186)
cfn=(642)
calls=1 71 
0 911
0 5

fn=(1946)
0 4

fn=(650)
0 44
cob=(7)
cfi=(185)
cfn=(654)
calls=22 0 
0 75657
cob=(1)
cfi=(186)
cfn=(642)
calls=1 71 
0 717
0 5

fn=(710)
0 2
cob=(2)
cfi=(190)
cfn=(714)
calls=1 43 
0 40
cob=(1)
cfi=(186)
cfn=(642)
calls=1 71 
0 814
0 5

fn=(1310)
0 7

fn=(756)
0 2
cob=(7)
cfi=(185)
cfn=(760)
calls=1 0 
0 1198
cob=(1)
cfi=(186)
cfn=(642)
calls=1 71 
0 920
0 5

fn=(828)
0 2
cob=(7)
cfi=(185)
cfn=(832)
calls=1 0 
0 44
cob=(1)
cfi=(186)
cfn=(642)
calls=1 71 
0 825
0 5

fn=(1056)
0 8
cob=(7)
cfi=(185)
cfn=(1060)
calls=4 0 
0 224
cob=(1)
cfi=(186)
cfn=(642)
calls=1 71 
0 1028
0 5

fn=(1076)
0 22
cob=(2)
cfi=(200)
cfn=(1080)
calls=11 67 
0 832
cob=(1)
cfi=(186)
cfn=(642)
calls=1 71 
0 945
0 5

fn=(1384)
0 800
cob=(2)
cfi=(228)
cfn=(1386)
calls=400 54 
0 19450

ob=(2)
fl=(139)
fn=(432)
fi=(114)
41 2
+4 3
+3 4
fe=(139)

fl=(110)
fn=(348)
31 2
fi=(111) ./wcsmbs/../sysdeps/x86_64/multiarch/ifunc-evex.h
+7 6
-1 8
+2 6
fe=(110)

ob=(4)
fl=(175)
fn=(1698) 0x000000000010a570
0 16
cob=(2)
cfi=(262)
cfn=(1700)
calls=8 32 
0 1504

fn=(1966) 0x0000000004bb53c0
0 2
cob=(2)
cfi=(285)
cfn=(1790)
calls=1 30 
0 132

fn=(588)
0 7

fn=(678)
0 2
cob=(7)
cfi=(185)
cfn=(682)
calls=1 0 
0 4039
cob=(1)
cfi=(186)
cfn=(642)
calls=1 71 
0 745
0 5

fn=(768)
0 2
cob=(7)
cfi=(185)
cfn=(772)
calls=1 0 
0 51
cob=(1)
cfi=(186)
cfn=(642)
calls=1 71 
0 788
0 5

fn=(786)
0 4
cob=(2)
cfi=(192)
cfn=(790)
calls=2 30 
0 44
cob=(1)
cfi=(186)
cfn=(642)
calls=1 71 
0 814
0 5

fn=(792)
0 256
cob=(2)
cfi=(193)
cfn=(796)
calls=128 30 
0 3200
cob=(1)
cfi=(186)
cfn=(642)
calls=1 71 
0 902
0 5

fn=(864)
0 2
cob=(7)
cfi=(185)
cfn=(868)
calls=1 0 
0 51
cob=(1)
cfi=(186)
cfn=(642)
calls=1 71 
0 832
0 5

fn=(938)
0 2
cob=(7)
cfi=(185)
cfn=(942)
calls=1 0 
0 353
cob=(1)
cfi=(186)
cfn=(642)
calls=1 71 
0 981
0 5

fn=(1362) 0x000000000010a490
0 3050
cob=(2)
cfi=(204)
cfn=(1364)
calls=1525 3699 
0 372506

fn=(1542)
0 300
cob=(7)
cfi=(185)
cfn=(1546)
calls=150 0 
0 14216
cob=(1)
cfi=(186)
cfn=(642)
calls=1 71 
0 656
0 5

fn=(1814) 0x000000000483d030
0 2
cob=(2)
cfi=(285)
cfn=(1790)
calls=1 30 
0 132

fn=(1912)
0 6
cob=(7)
cfi=(185)
cfn=(1916)
calls=3 0 
0 213
cob=(1)
cfi=(186)
cfn=(642)
calls=1 71 
0 960
0 5

ob=(2)
fl=(110)
fn=(348)
fi=(111)
45 4
-3 4
+9 6
+3 8
fe=(110)
-23 2

ob=(4)
fl=(175)
fn=(1913)
0 2
cob=(7)
cfi=(185)
cfn=(1917)
calls=1 0 
0 22

ob=(8)
fl=(217)
fn=(1356) test_case2
104 2
+9 1
-9 1
+11 1
-11 5
+9 1
cfi=(224) /home/frede/code/HierarchyAligner/gssw/src/gssw.c
cfn=(1358) gssw_sse2_disable
calls=1 -36 
* 3
+2 1
+99 48
-99 48
+99 48
cfi=(224)
cfn=(1706) gssw_graph_mapping_destroy
calls=48 3598 
* 47652
+1 96
cfi=(224)
cfn=(1708) gssw_graph_destroy
calls=48 5444 
* 214484
+1 96
cob=(4)
cfi=(175)
cfn=(1572)
calls=48 0 
* 8262
+1 96
cob=(4)
cfi=(175)
cfn=(1572)
calls=48 0 
* 5182
115 96
+1 50
cfi=(224)
cfn=(1360) gssw_create_nt_table
calls=50 5507 
* 36811
+1 100
-1 50
+1 50
cfi=(224)
cfn=(1370) gssw_create_score_matrix
calls=50 5489 
* 10075
+11 150
-11 50
+11 150
cfi=(224)
cfn=(1372) gssw_node_create
calls=50 4970 
* 50506
+1 250
-1 50
+1 50
cfi=(224)
cfn=(1372)
calls=50 4970 
* 19600
+1 250
-1 50
+1 50
cfi=(224)
cfn=(1372)
calls=50 4970 
* 19600
+1 250
-1 50
+1 50
cfi=(224)
cfn=(1372)
calls=50 4970 
* 43056
+1 250
-1 50
+1 50
cfi=(224)
cfn=(1372)
calls=50 4970 
* 19600
+1 250
-1 50
+1 50
cfi=(224)
cfn=(1372)
calls=50 4970 
* 42606
+1 250
-1 50
+1 50
cfi=(224)
cfn=(1372)
calls=50 4970 
* 32279
+1 250
-1 50
+1 50
cfi=(224)
cfn=(1372)
calls=50 4970 
* 146547
+3 100
-3 50
+3 50
cfi=(224)
cfn=(1388) gssw_nodes_add_edge
calls=50 5024 
* 8884
+1 150
cfi=(224)
cfn=(1388)
calls=50 5024 
* 7892
+2 150
cfi=(224)
cfn=(1388)
calls=50 5024 
* 8884
+1 150
cfi=(224)
cfn=(1388)
calls=50 5024 
* 7892
+2 150
cfi=(224)
cfn=(1388)
calls=50 5024 
* 7442
+1 150
cfi=(224)
cfn=(1388)
calls=50 5024 
* 6450
+2 150
cfi=(224)
cfn=(1388)
calls=50 5024 
* 20448
+2 200
cfi=(224)
cfn=(1388)
calls=50 5024 
* 7442
+2 200
cfi=(224)
cfn=(1388)
calls=50 5024 
* 8884
+1 150
cfi=(224)
cfn=(1388)
calls=50 5024 
* 7892
+2 200
cfi=(224)
cfn=(1388)
calls=50 5024 
* 7442
+2 100
cfi=(224)
cfn=(1394) gssw_graph_create
calls=50 5429 
* 17924
+1 100
-1 50
+1 50
cfi=(224)
cfn=(1396) gssw_graph_add_node
calls=50 5455 
* 133147
+1 150
cfi=(224)
cfn=(1396)
calls=50 5455 
* 850
+1 150
cfi=(224)
cfn=(1396)
calls=50 5455 
* 850
+1 150
cfi=(224)
cfn=(1396)
calls=50 5455 
* 850
+1 150
cfi=(224)
cfn=(1396)
calls=50 5455 
* 850
+1 150
cfi=(224)
cfn=(1396)
calls=50 5455 
* 850
+1 150
cfi=(224)
cfn=(1396)
calls=50 5455 
* 850
+1 150
cfi=(224)
cfn=(1396)
calls=50 5455 
* 850
+26 1100
cfi=(229) /home/frede/code/HierarchyAligner/gssw/src/vg_gwfa_pipeline.cpp
cfn=(1402) gwfa_graph_align_trace_back
calls=50 1108 
* 418927606
+18 50
-18 50
+18 100
+1 4
-94 2
+94 2
cfi=(224)
cfn=(1682) gssw_print_graph_cigar
calls=2 3620 
* 47682
+1 2
fi=(223) /usr/include/x86_64-linux-gnu/bits/stdio2.h
79 10
cob=(4)
cfi=(175)
cfn=(1684)
calls=2 -79 
* 1644
fe=(217)
214 4
cfi=(224)
cfn=(1706)
calls=2 3598 
* 1763
+1 4
cfi=(224)
cfn=(1708)
calls=2 5444 
* 8752
+1 4
cob=(4)
cfi=(175)
cfn=(1572)
calls=2 0 
* 258
+1 4
cob=(4)
cfi=(175)
cfn=(1572)
calls=2 0 
* 193
115 2
220 1
+1 7
-1 1
cfi=(229)
cfn=(1722) print_timing
calls=1 1144 
* 5058

fn=(1332)
492 2
fi=(223)
79 6
cob=(4)
cfi=(175)
cfn=(1334)
calls=1 -79 
* 303
* 5
cob=(4)
cfi=(175)
cfn=(1334)
calls=1 -79 
* 245
* 5
cob=(4)
cfi=(175)
cfn=(1334)
calls=1 -79 
* 245
fe=(217)
498 2
cfn=(1356)
calls=1 104 
* 419953929
fi=(223)
79 5
cob=(4)
cfi=(175)
cfn=(1334)
calls=1 -79 
* 245
fe=(217)
502 3

fl=(229)
fn=(1410) ProjectA_VG_GWFA_Aligner::_gssw_to_gwfa()
118 100
+3 50
-3 200
+3 50
-3 300
+3 50
cob=(4)
cfi=(175)
cfn=(1362)
calls=50 0 
* 9583
+1 50
-1 100
+1 100
+2 150
cob=(4)
cfi=(175)
cfn=(1376)
calls=50 0 
* 2495
+1 50
-1 100
+1 50
cob=(4)
cfi=(175)
cfn=(1376)
calls=50 0 
* 2495
+1 50
-1 50
+1 50
cob=(4)
cfi=(175)
cfn=(1376)
calls=50 0 
* 2495
+4 50
-4 50
+4 400
-1 250
+10 350
-7 350
+1 350
-2 350
fi=(234) /usr/include/c++/13/bits/unordered_map.h
987 350
fe=(229)
131 350
+1 350
-1 350
+1 350
+1 350
fi=(234)
987 350
fe=(229)
133 350
+1 350
fi=(234)
987 350
cfi=(231) /usr/include/c++/13/bits/hashtable_policy.h
cfn=(1412) std::__detail::_Map_base<_gssw_node*, std::pair<_gssw_node* const, int>, std::allocator<std::pair<_gssw_node* const, int> >, std::__detail::_Select1st, std::equal_to<_gssw_node*>, std::hash<_gssw_node*>, std::__detail::_Mod_range_hashing, std::__detail::_Default_ranged_hash, std::__detail::_Prime_rehash_policy, std::__detail::_Hashtable_traits<false, false, true>, true>::operator[](_gssw_node* const&)
calls=350 807 
* 66332
fe=(229)
131 50
fi=(234)
987 50
fe=(229)
131 50
+1 50
-1 50
+1 50
+1 50
fi=(234)
987 50
fe=(229)
133 50
+1 50
fi=(234)
987 50
cfi=(231)
cfn=(1412)
calls=50 807 
* 19170
* 800
fe=(229)
135 400
fi=(234)
987 400
cfi=(231)
cfn=(1442) std::__detail::_Map_base<int, std::pair<int const, _gssw_node*>, std::allocator<std::pair<int const, _gssw_node*> >, std::__detail::_Select1st, std::equal_to<int>, std::hash<int>, std::__detail::_Mod_range_hashing, std::__detail::_Default_ranged_hash, std::__detail::_Prime_rehash_policy, std::__detail::_Hashtable_traits<false, false, true>, true>::operator[](int const&)
calls=400 807 
* 108415
fe=(229)
136 400
-6 2400
+10 50
-1 50
+1 50
-1 50
+1 100
cob=(4)
cfi=(175)
cfn=(1376)
calls=50 0 
* 2492
+3 50
-3 50
+3 300
+1 100
+1 150
-1 700
+1 2450
+1 350
fi=(234)
987 350
fe=(229)
146 350
fi=(234)
987 350
cfi=(231)
cfn=(1412)
calls=350 807 
* 16495
fe=(229)
146 200
fi=(234)
987 200
fe=(229)
146 200
fi=(234)
987 200
cfi=(231)
cfn=(1412)
calls=200 807 
* 9019
fe=(229)
147 3300
-2 550
+2 550
+1 550
-3 550
+3 550
-3 2150
-2 1900
+8 50
+1 550

fn=(1722)
1144 2
fi=(223)
79 4
fe=(229)
1144 1
fi=(223)
79 1
cob=(4)
cfi=(175)
cfn=(1684)
calls=1 -79 
* 886
* 6
cob=(4)
cfi=(175)
cfn=(1684)
calls=1 -79 
* 886
fe=(229)
1148 2
fi=(223)
79 1
fe=(229)
1148 1
fi=(223)
79 2
fe=(229)
1153 1
-5 1
fi=(223)
79 1
fe=(229)
1148 5
fi=(223)
79 1
cob=(4)
cfi=(175)
cfn=(1684)
calls=1 -79 
* 3257
fe=(229)

fn=(1402)
1108 300
fi=(233) /usr/include/c++/13/bits/hashtable.h
530 50
fe=(229)
1108 350
52 50
-2 50
+1 50
+1 50
+1 100
+1 100
+1 100
+1 100
+5 50
cfi=(230) /home/frede/code/HierarchyAligner/gssw/src/gwfa/kalloc.c
cfn=(1404) km_init
calls=50 -14 
* 8596
-1 50
+1 50
-1 50
cob=(4)
cfi=(175)
cfn=(1374)
calls=50 -60 
* 1600
fi=(231)
545 50
fi=(233)
-15 50
fe=(229)
60 50
-2 100
fi=(233)
530 100
fi=(241) /usr/include/c++/13/bits/basic_string.h
193 150
fe=(229)
57 50
fi=(233)
530 50
fi=(231)
313 50
fi=(233)
530 50
fi=(231)
+15 50
fi=(233)
-15 100
fi=(231)
313 50
fi=(233)
530 50
fi=(231)
+15 50
fi=(233)
-15 50
fi=(241)
218 50
fi=(242) /usr/include/c++/13/bits/char_traits.h
358 50
fi=(241)
193 50
+25 50
fi=(242)
358 50
fe=(229)
62 50
+4 50
fi=(231)
545 100
fe=(229)
67 50
cfi=(224)
cfn=(1408) gssw_graph_mapping_create
calls=50 3593 
* 8109
+2 50
-2 50
+2 100
cfn=(1410)
calls=50 +49 
* 268091
1119 100
+4 200
1023 50
917 100
1123 150
917 25
cfi=(236) /home/frede/code/HierarchyAligner/gssw/src/gwfa/gwf-ed.c
cfn=(1458) gwf_ed_index
calls=25 31 
* 17240
+3 350
cfi=(236)
cfn=(1474) gwf_ed_infix
calls=25 815 
* 204126200
157 25
920 50
+9 25
157 50
fi=(241)
399 25
fe=(229)
157 50
+1 125
fi=(242)
399 50
cob=(4)
cfi=(175)
cfn=(1374)
calls=25 0 
* 876
fe=(229)
158 375
fi=(242)
399 150
cob=(4)
cfi=(175)
cfn=(1374)
calls=75 0 
* 1880
* 500
fi=(241)
1474 300
cob=(4)
cfi=(175)
cfn=(1516)
calls=100 0 
* 28404
fe=(229)
157 500
1006 25
160 25
1006 25
cfn=(1558) ProjectA_VG_GWFA_Aligner::_align_csswl()
calls=25 855 
* 4804413
+1 50
cfn=(1630) ProjectA_VG_GWFA_Aligner::_csswl_cigar_to_gssw()
calls=25 327 
* 328560
1141 50
-58 50
+58 50
cfn=(1664) ProjectA_VG_GWFA_Aligner::~ProjectA_VG_GWFA_Aligner()
calls=50 74 
* 180810
* 550
917 25
cfi=(236)
cfn=(1458)
calls=25 31 
* 17854
+3 350
cfi=(236)
cfn=(1474)
calls=25 815 
* 204126200
* 50
157 25
929 25
157 50
fi=(241)
399 25
fe=(229)
157 50
+1 125
fi=(242)
399 50
cob=(4)
cfi=(175)
cfn=(1374)
calls=25 0 
* 872
fe=(229)
158 375
fi=(242)
399 150
cob=(4)
cfi=(175)
cfn=(1374)
calls=75 0 
* 1896
* 500
fi=(241)
1474 300
cob=(4)
cfi=(175)
cfn=(1516)
calls=100 0 
* 22600
fe=(229)
157 500
1026 25
160 25
1026 25
cfn=(1558)
calls=25 855 
* 4803136
+1 50
cfn=(1714) ProjectA_VG_GWFA_Aligner::_csswl_cigar_to_gssw_fast()
calls=25 619 
* 170244
* 25

fn=(1558)
855 450
+1 200
cob=(4)
cfi=(175)
cfn=(1376)
calls=50 0 
* 2350
+1 50
-1 50
+1 50
cob=(4)
cfi=(175)
cfn=(1376)
calls=50 0 
* 2492
* 50
+6 100
+1 400
-1 150
+1 17550
-1 17550
+3 300
cfi=(211)
cfn=(1560) ssw_init
calls=50 0 
* 888141
fi=(241)
1072 50
fe=(229)
866 50
+3 100
+1 50
fi=(241)
223 200
fe=(229)
870 150
-1 150
+1 43950
-1 43950
+5 500
cfi=(211)
cfn=(1568) ssw_align
calls=50 0 
* 7184135
-47 50
+47 50
-47 250
+4 100
-1 50
fi=(308) /home/frede/code/HierarchyAligner/gssw/include/csswl/ssw.h
181 100
fe=(229)
834 1050
fi=(223)
54 8400
fe=(229)
831 1050
fi=(223)
54 1050
cob=(4)
cfi=(175)
cfn=(1580)
calls=1050 -54 
* 666500
fe=(229)
831 2100
+3 2100
-3 2100
+1 2100
fi=(308)
189 1050
-8 1050
+8 1050
-8 2100
fe=(229)
836 50
+3 100
cob=(4)
cfi=(175)
cfn=(1376)
calls=50 0 
* 2710
* 50
+1 100
+4 150
-1 100
+1 100
+1 50
fi=(223)
30 50
fe=(229)
845 50
fi=(308)
189 50
-8 50
+8 50
-8 100
fe=(229)
845 1000
fi=(223)
30 1000
fe=(229)
845 1000
fi=(308)
189 1000
-8 1000
+8 1000
-8 2000
fi=(223)
30 8400
cob=(4)
cfi=(175)
cfn=(1614)
calls=1050 -30 
* 618200
* 3150
fe=(229)
847 8400
-3 4200
fi=(242)
399 150
cob=(4)
cfi=(175)
cfn=(1374)
calls=50 0 
* 1201
fi=(241)
1684 150
fi=(242)
399 50
fe=(229)
878 50
fi=(241)
1684 50
cob=(4)
cfi=(175)
cfn=(1622)
calls=50 0 
* 10438
fe=(229)
880 100
+3 50
-3 50
+1 100
+2 50
cob=(4)
cfi=(175)
cfn=(1572)
calls=50 0 
* 4350
+1 100
cob=(4)
cfi=(175)
cfn=(1572)
calls=50 0 
* 8271
+1 100
cob=(4)
cfi=(175)
cfn=(1572)
calls=50 0 
* 4350
+1 100
cfi=(211)
cfn=(1626) align_destroy
calls=50 0 
* 9385
+1 100
cfi=(211)
cfn=(1628) init_destroy
calls=50 0 
* 18326
+2 50
+1 400

fn=(1664)
74 250
+2 150
+1 100
cfi=(236)
cfn=(1666) gwf_cleanup
calls=50 -39 
* 2250
+2 150
cob=(4)
cfi=(175)
cfn=(1572)
calls=50 -79 
* 5064
+1 150
cob=(4)
cfi=(175)
cfn=(1572)
calls=50 -80 
* 5146
+1 150
cob=(4)
cfi=(175)
cfn=(1572)
calls=50 -81 
* 8370
+1 150
cob=(4)
cfi=(175)
cfn=(1572)
calls=50 -82 
* 5239
+1 100
cob=(4)
cfi=(175)
cfn=(1572)
calls=50 -83 
* 5240
+1 50
+2 100
cfi=(230)
cfn=(1668) km_destroy
calls=50 -36 
* 37321
fi=(241)
223 50
+18 50
+23 100
fi=(232) /usr/include/c++/13/bits/new_allocator.h
-92 50
cob=(4)
cfi=(175)
cfn=(1662)
calls=50 0 
* 5577
fi=(241)
+51 50
+18 50
+23 100
fi=(232)
-92 50
cob=(4)
cfi=(175)
cfn=(1662)
calls=50 0 
* 4550
fi=(233)
465 50
fi=(231)
2029 150
380 50
+1 50
fi=(232)
172 50
cob=(4)
cfi=(175)
cfn=(1662)
calls=50 0 
* 5044
fi=(231)
380 350
+1 350
fi=(232)
172 350
cob=(4)
cfi=(175)
cfn=(1662)
calls=350 0 
* 33639
fi=(231)
2029 800
fi=(233)
2525 250
cob=(4)
cfi=(175)
cfn=(1438)
calls=50 0 
* 1050
456 50
-39 50
2527 50
+1 50
448 100
fi=(232)
172 50
cob=(4)
cfi=(175)
cfn=(1662)
calls=50 0 
* 4607
fi=(233)
465 50
fi=(231)
2029 150
380 50
+1 50
fi=(232)
172 50
cob=(4)
cfi=(175)
cfn=(1662)
calls=50 0 
* 5567
fi=(231)
380 350
+1 350
fi=(232)
172 350
cob=(4)
cfi=(175)
cfn=(1662)
calls=350 0 
* 38826
fi=(231)
2029 800
fi=(233)
2525 150
417 50
2525 100
cob=(4)
cfi=(175)
cfn=(1438)
calls=50 0 
* 1050
456 50
2527 50
+1 50
448 100
fe=(229)
87 150
fi=(232)
+85 50
cob=(4)
cfi=(175)
cfn=(1662)
calls=50 0 
* 4670
fe=(229)

fn=(1630)
327 225
fi=(234)
987 25
fe=(229)
327 25
fi=(234)
987 25
fe=(229)
167 75
fi=(234)
987 25
fe=(229)
167 25
fi=(234)
987 25
cfi=(231)
cfn=(1442)
calls=25 807 
* 975
fe=(229)
172 100
333 25
cob=(4)
cfi=(175)
cfn=(1634)
calls=25 0 
* 1644
fi=(242)
+25 25
fe=(229)
-20 25
+6 25
-11 25
fi=(241)
193 75
+30 25
-5 25
+5 25
fe=(229)
340 625
+2 550
-2 550
+2 550
-2 1100
+1 3225
+3 525
fi=(241)
1488 1050
fe=(229)
344 525
fi=(241)
1488 2100
cob=(4)
cfi=(175)
cfn=(1646)
calls=525 0 
* 50006
fe=(229)
340 1050
+6 525
-6 1050
+11 25
+1 25
-1 75
+4 75
+1 200
cob=(4)
cfi=(175)
cfn=(1376)
calls=25 0 
* 1175
+7 50
-7 25
+10 200
+1 25
fi=(234)
987 25
fe=(229)
367 75
fi=(234)
987 25
cfi=(231)
cfn=(1442)
calls=25 807 
* 975
fe=(229)
367 50
fi=(234)
987 50
fe=(229)
367 150
fi=(234)
987 50
cfi=(231)
cfn=(1442)
calls=50 807 
* 1950
fe=(229)
367 75
+4 150
-4 75
+4 75
cob=(4)
cfi=(175)
cfn=(1362)
calls=75 0 
* 24368
fi=(241)
1072 75
fe=(229)
375 75
-4 75
+1 225
+3 75
fi=(241)
1072 75
fe=(229)
375 150
+10 600
+4 175
-7 175
+9 175
-2 350
+14 125
-28 2150
fi=(241)
1072 1775
fe=(229)
377 3550
fi=(241)
1072 75
fe=(229)
377 12925
+3 3650
+3 3050
-2 1525
+1 1525
+1 4575
cfi=(224)
cfn=(1656) gssw_cigar_push_back
calls=1525 4868 
* 56749
+20 1525
-28 4575
fi=(241)
1072 50
fe=(229)
407 550
+24 150
-65 50
+65 250
-65 200
+21 375
-1 125
+1 250
cfi=(224)
cfn=(1656)
calls=125 4868 
* 25821
* 125
+4 525
cfi=(224)
cfn=(1656)
calls=175 4868 
* 53377
+12 175
-28 350
+34 50
-57 25
+71 50
+2 50
-2 50
+2 200
+11 25
-3 25
+1 50
+2 25
+3 25
cob=(4)
cfi=(175)
cfn=(1634)
calls=25 0 
* 775
fi=(258) /usr/include/c++/13/bits/chrono.h
716 25
fi=(241)
223 25
fi=(258)
716 25
fe=(229)
440 25
fi=(241)
264 75
fi=(232)
-92 25
cob=(4)
cfi=(175)
cfn=(1662)
calls=25 0 
* 3193
fe=(229)
442 275
-31 225
173 50
+1 25
417 100
+1 125
cfi=(224)
cfn=(1656)
calls=25 4868 
* 8202
* 6125
cfi=(224)
cfn=(1656)
calls=1225 4868 
* 26950
-1 2525

fn=(1714)
619 250
167 25
fi=(234)
987 25
fe=(229)
167 25
fi=(234)
987 100
cfi=(231)
cfn=(1442)
calls=25 807 
* 975
fe=(229)
172 125
625 25
cob=(4)
cfi=(175)
cfn=(1634)
calls=25 0 
* 775
+8 25
-8 25
+8 75
+1 150
cob=(4)
cfi=(175)
cfn=(1376)
calls=25 0 
* 1175
+7 25
fi=(234)
987 25
fe=(229)
634 25
+7 50
fi=(234)
987 25
cfi=(231)
cfn=(1442)
calls=25 807 
* 975
fe=(229)
643 25
-2 25
+2 25
cob=(4)
cfi=(175)
cfn=(1376)
calls=25 0 
* 1175
fi=(241)
223 25
fe=(229)
649 25
-5 25
-1 25
+9 25
-7 25
+11 25
-7 50
+7 50
-26 25
+43 100
-16 3225
+2 1100
-3 4350
+83 50
+9 25
+1 100
cfi=(224)
cfn=(1656)
calls=25 4868 
* 8838
+5 75
+1 25
-1 150
+2 25
+1 50
+2 25
+3 25
cob=(4)
cfi=(175)
cfn=(1634)
calls=25 0 
* 775
fi=(258)
-46 50
fe=(229)
+47 25
+2 200
661 1050
+12 4200
-14 275
+30 275
-30 275
462 550
+10 800
fi=(234)
987 50
fe=(229)
504 100
fi=(234)
987 50
cfi=(231)
cfn=(1442)
calls=50 807 
* 1950
fe=(229)
506 50
-2 50
+2 50
cob=(4)
cfi=(175)
cfn=(1376)
calls=50 0 
* 12278
-24 50
+25 50
-1 50
+2 50
+2 50
-28 100
+2 250
cfi=(224)
cfn=(1656)
calls=50 4868 
* 9183
+2 50
+4 200
+3 50
-7 50
+1 50
+3 300
+6 100
601 350
+9 1225
cfi=(224)
cfn=(1656)
calls=175 4868 
* 53833
+2 175
+2 350
-2 175
+1 175
+1 175
+92 75
538 150
-25 250
cfi=(224)
cfn=(1656)
calls=25 4868 
* 6610
+2 50
+3 25
-3 25
+1 50
+2 50
173 25
+1 25
539 525
cfi=(224)
cfn=(1656)
calls=75 4868 
* 22257
+2 75
+2 150
-2 75
+2 150
-70 1750
cfi=(224)
cfn=(1656)
calls=250 4868 
* 21470
+2 250
+1 250
+2 250
-3 250
+1 250
+2 500

fl=(231)
fn=(1442)
807 1200
528 600
807 3600
1310 600
fi=(233)
797 600
fe=(231)
+10 1800
528 1200
fi=(233)
1954 1200
fe=(231)
528 600
fi=(233)
1955 1200
+3 400
fi=(309) /usr/include/c++/13/bits/stl_function.h
378 200
fe=(231)
1734 400
fi=(233)
817 200
fe=(231)
-1 200
-1 400
+13 5400
fi=(232)
151 400
fi=(233)
306 400
fi=(232)
151 400
cob=(4)
cfi=(175)
cfn=(1416)
calls=400 0 
* 52270
fe=(231)
825 1200
fi=(232)
151 400
fe=(231)
313 400
fi=(310) /usr/include/c++/13/tuple
2267 400
fe=(231)
825 400
fi=(310)
2268 400
-1 400
fi=(233)
307 400
fe=(231)
825 400
cfi=(233)
cfn=(1446) std::_Hashtable<int, std::pair<int const, _gssw_node*>, std::allocator<std::pair<int const, _gssw_node*> >, std::__detail::_Select1st, std::equal_to<int>, std::hash<int>, std::__detail::_Mod_range_hashing, std::__detail::_Default_ranged_hash, std::__detail::_Prime_rehash_policy, std::__detail::_Hashtable_traits<false, false, true> >::_M_insert_unique_node(unsigned long, unsigned long, std::__detail::_Hash_node<std::pair<int const, _gssw_node*>, false>*, unsigned long)
calls=400 2166 
* 37745
+2 400
fi=(233)
311 400
fe=(231)

fn=(1412)
807 1900
528 950
807 6650
1310 950
fi=(233)
797 950
fe=(231)
+10 2850
528 1900
fi=(233)
1954 2850
+1 1900
+3 1358
fi=(309)
378 679
fe=(231)
1734 1358
fi=(233)
1964 1080
fe=(231)
1310 316
528 316
fi=(233)
1966 316
fe=(231)
528 632
fi=(233)
1964 632
-5 231
fe=(231)
1734 462
fi=(233)
817 550
fe=(231)
-1 550
-1 1100
+13 9500
fi=(232)
151 800
cob=(4)
cfi=(175)
cfn=(1416)
calls=400 0 
* 38643
fi=(233)
2174 1200
fe=(231)
313 400
fi=(232)
151 400
fi=(310)
2267 400
fi=(233)
-93 400
fi=(310)
+94 400
-1 400
fi=(233)
-95 800
+2 400
cob=(4)
cfi=(175)
cfn=(1422)
calls=400 0 
* 12130
* 400
+3 800
2011 1750
+4 258
+1 258
2187 129
fe=(231)
827 129
fi=(233)
311 129
2187 271
fe=(231)
827 271
fi=(233)
311 271
2179 150
cfn=(1432) std::_Hashtable<_gssw_node*, std::pair<_gssw_node* const, int>, std::allocator<std::pair<_gssw_node* const, int> >, std::__detail::_Select1st, std::equal_to<_gssw_node*>, std::hash<_gssw_node*>, std::__detail::_Mod_range_hashing, std::__detail::_Default_ranged_hash, std::__detail::_Prime_rehash_policy, std::__detail::_Hashtable_traits<false, false, true> >::_M_rehash(unsigned long, unsigned long const&)
calls=50 2559 
* 6345
fe=(231)
528 100
fi=(233)
2011 50
fe=(231)
528 50
fi=(233)
2011 250
+12 271
+1 271
-1 271
+3 542
fe=(231)
528 663
fi=(233)
2029 221
+2 813
fe=(231)

fl=(236)
fn=(1474)
815 600
262 50
815 50
fi=(226) /usr/include/x86_64-linux-gnu/bits/string_fortified.h
59 50
fe=(236)
815 50
fi=(226)
59 100
fe=(236)
262 50
815 250
+1 50
+5 50
fi=(226)
59 850
fe=(236)
262 100
cfi=(230)
cfn=(1478) kcalloc
calls=50 157 
* 3300
-28 150
+28 50
822 50
234 50
cfi=(230)
cfn=(1478)
calls=50 -77 
* 3300
824 50
234 100
823 50
+1 1300
cfi=(230)
cfn=(1482) krealloc
calls=50 168 
* 2650
* 100
+1 300
cfi=(230)
cfn=(1478)
calls=50 157 
* 3250
+4 300
cfn=(1484) gwf_trace_push
calls=50 244 
* 12250
+2 250
+19 300
-19 100
-4 50
+23 50
-23 150
+23 200
-18 2800
55 1200
832 400
55 1200
832 400
55 3600
840 39100
-8 39100
+8 195500
+1 78200
-9 39100
+9 39100
-9 78200
55 39100
836 39100
55 39100
836 39100
+4 82800
cfi=(230)
cfn=(1482)
calls=450 168 
* 738200
* 250
cfi=(230)
cfn=(1482)
calls=50 168 
* 2650
* 6650
55 800
850 1200
+1 400
-1 400
-19 400
+19 400
+1 400
-1 2000
-19 1200
+24 250
+21 200
282 450
878 6300
+1 2100
-3 4200
+1 30100
cfn=(1496) gwf_ed_extend
calls=2150 605 
* 406615250
+1 10800
+6 150
+9 50
262 300
cfi=(230)
cfn=(1468) kfree
calls=50 80 
* 2850
* 150
cfi=(230)
cfn=(1468)
calls=50 80 
* 1850
* 150
cfi=(230)
cfn=(1468)
calls=50 80 
* 3300
894 50
234 300
cfi=(230)
cfn=(1468)
calls=50 80 
* 3650
* 150
cfi=(230)
cfn=(1468)
calls=50 80 
* 1850
* 150
cfi=(230)
cfn=(1468)
calls=50 80 
* 2850
895 200
cfi=(230)
cfn=(1468)
calls=50 80 
* 3200
* 150
cfi=(230)
cfn=(1468)
calls=50 80 
* 3900
* 150
cfi=(230)
cfn=(1468)
calls=50 80 
* 2300
* 150
cfi=(230)
cfn=(1468)
calls=50 80 
* 1950
+1 300
+2 600
-14 300
cfn=(1510) gwf_traceback
calls=50 759 
* 8950
+7 150

fn=(1666)
38 150
+1 100
cfi=(230)
cfn=(1468)
calls=50 +41 
* 1850
+1 50
+1 100

fn=(1506) rs_sort_gwf_ed
129 5360950
cfn=(1507) rs_sort_gwf_ed'2
calls=500 * 
* 18167850
* 500

fn=(1507)
129 16395450
cfn=(1507)
calls=1000 * 
* 20251350
* 4800
cfn=(1504) rs_insertsort_gwf_ed
calls=3800 * 
* 1763800
* 3800

fn=(1472) rs_insertsort_gwf_arc
13 4000

fn=(1502) rs_insertsort_gwf_intv
68 3648650

fn=(1508) rs_sort_gwf_intv
68 2128700
cfn=(1509) rs_sort_gwf_intv'2
calls=200 * 
* 6778250
* 200

fn=(1509)
68 6366950
cfn=(1509)
calls=400 * 
* 7169800
* 2000
cfn=(1502)
calls=1600 * 
* 407700
* 1600

fn=(1484)
244 330750
+1 36750
-1 36750
+1 73500
-1 36750
-10 36750
+10 36750
-10 36750
+10 36750
+1 36750
-11 513900
fi=(239) /home/frede/code/HierarchyAligner/gssw/src/gwfa/khashl.h
82 36550
fe=(236)
234 36550
fi=(239)
82 73100
329 36550
fe=(236)
-95 36550
fi=(239)
+95 146200
+1 109650
+1 109650
+1 109650
+1 109650
+1 73100
+2 36550
82 109650
fe=(236)
234 73100
fi=(239)
+95 200
fe=(236)
-95 200
fi=(239)
+95 800
+1 600
+1 600
+1 600
+1 600
+1 400
+2 200
82 600
fe=(236)
234 705700
+17 3600
+1 900
-1 2700
+2 900
-1 1800
+1 1800
+4 7200
-1 35850
+1 286800
-23 5600
cfi=(230)
cfn=(1460) kmalloc
calls=50 128 
* 1900
* 600
cfi=(230)
cfn=(1460)
calls=150 128 
* 5100
fi=(226)
59 600
fe=(236)
234 200
fi=(226)
59 200
cob=(4)
cfi=(175)
cfn=(1438)
calls=200 -59 
* 3400
fe=(236)
234 1850
fi=(239)
82 300
fe=(236)
234 150
fi=(239)
82 150
fe=(236)
234 450
fi=(239)
82 150
fe=(236)
234 300
fi=(239)
82 150
fe=(236)
234 32100
fi=(239)
+95 850
82 850
329 2550
+1 2550
+1 2550
+1 2550
+1 2550
+1 1700
+2 850
82 2550
329 200
82 200
329 600
+1 600
+1 600
+1 600
+1 600
+1 400
+2 200
82 600
fe=(236)
234 30200
cfi=(230)
cfn=(1468)
calls=200 80 
* 5750
* 1550
cfi=(230)
cfn=(1482)
calls=50 -66 
* 2650
* 150
fi=(239)
82 50
fe=(236)
234 100
fi=(239)
82 250
fe=(236)
234 900
cfi=(230)
cfn=(1482)
calls=150 -66 
* 21400
* 1250

fn=(1496)
605 17200
+8 2150
-8 6450
+1 2150
-1 4300
+1 2150
+5 2150
-6 2150
+6 10750
+1 2150
262 27550
fi=(226)
59 4200
cob=(4)
cfi=(175)
cfn=(1438)
calls=2100 -59 
* 32100
fe=(236)
262 2100
615 6450
-1 90300
+1 43000
+1 8600
131 21500
617 2150
131 6450
617 2150
131 4300
cfi=(230)
cfn=(1478)
calls=2150 +26 
* 147350
* 25800
cfi=(230)
cfn=(1460)
calls=2150 -3 
* 67600
* 8600
618 58050
cfi=(230)
cfn=(1482)
calls=2150 168 
* 116700
* 2150
+5 4300
-92 4300
+77 2150
-77 2150
131 4300
531 2150
131 2150
531 4300
131 6450
531 2150
+93 15048600
+1 154700
472 22100
625 22100
472 22100
+1 132600
+1 88400
+4 287300
+2 22100
-37 22100
+37 44200
-36 44200
-1 22100
+1 22100
+7 22100
-8 44200
+1 22100
-1 22100
+8 44200
+29 1651400
-37 1651400
+37 3302800
-36 3302800
-1 1651400
+1 1651400
+7 1651400
-8 3302800
+1 1651400
-1 1651400
+8 6451750
+1 550
+1 550
+2 1100
-3 1573100
+1 1573100
+2 3146200
-1 1573100
+5 4719300
+23 3340600
+11 1673500
+1 1673500
-1 5020500
-15 5086800
+20 132600
+1 44200
+3 22100
-3 44200
+2 22100
-1 22100
+1 22100
-1 22100
+4 22100
-3 22100
+1 44200
+1 22100
-3 22100
+3 22100
+1 22100
+7 22100
+3 22100
-3 22100
+1 90000
+3 7250
-3 14500
+1 7250
+1 21750
+1 7250
+10 123800
+6 838500
+7 419250
+2 419250
+8 419250
-10 419250
+2 419250
+7 1257750
-7 419250
-12 389900
+20 1559600
+3 779800
-3 3206000
+3 1603000
-26 4765600
+1 1638550
+3 1638550
-2 3277100
-1 1638550
+3 4915650
+11 1219300
-2 1219300
+10 1219300
-8 1219300
+7 3657900
-7 1637100
+1 417800
-1 417800
+2 835600
+6 447150
-23 894300
+23 1341450
-23 894300
+33 76300
+1 21800
-1 10900
+1 21800
-1 10900
+1 23750
-1 1950
+1 3900
-1 1950
+1 16800
+1 12900
+1 8600
+1 8600
-2 4300
+1 4300
-1 4300
+2 4300
-2 8550
+1 17100
+1 17100
-2 8550
+1 8550
-1 8550
+2 8550
+10 38550
+1 12850
-1 12850
+1 25700
+1 12850
+1 12850
-1 12850
+1 12850
+10 265200
-2 4926600
+2 13231500
131 93900
586 31300
131 187800
586 31300
-3 31300
131 125200
586 31300
131 31300
586 156500
-3 305700
+5 8438000
+2 1695600
+1 6782400
-1 22100
+1 3523800
+2 108400
+2 271000
55 54200
595 54200
-7 54200
+7 108400
55 162600
596 162600
-8 162600
+11 88400
+27 22100
-3 8373950
+8 2150
-2 2150
+2 4300
-2 2150
+2 2150
cfi=(230)
cfn=(1468)
calls=2150 80 
* 131450
+2 6450
262 6450
131 30100
638 2150
131 4300
638 6450
451 2150
639 2150
+1 2150
-1 2150
-1 4300
+4 2150
-4 2150
+4 10750
-3 2150
+3 2150
+2 6450
-2 2150
+2 2150
443 10750
+1 10750
+7 4300
131 596400
638 42600
131 85200
638 127800
451 42600
639 42600
+1 42600
-1 42600
-1 85200
+4 42600
-4 42600
+4 213000
-3 42600
+3 42600
+2 127800
-2 42600
+2 42600
443 213000
+1 213000
+7 104250
+1 550
+1 550
+2 1100
-3 8050
+1 8050
+2 16100
-1 8000
+5 32000
645 8000
+2 8000
-2 44750
+2 36750
-2 36750
+12 89500
-1 44750
+1 134250
+2 195100
+63 150
146 8000
633 185100
131 8400
cfi=(230)
cfn=(1468)
calls=2100 -51 
* 140350
* 6300
cfi=(230)
cfn=(1468)
calls=2100 -51 
* 77700
751 6300
+2 4200
+3 19350
-77 110100
455 50
+6 74950
663 8000
155 8000
663 8000
-1 16000
55 64000
661 32000
155 8000
661 8000
155 16000
661 16000
146 6550
-91 6550
+91 26200
-91 13100
+92 6550
-92 13100
+92 32750
-1 26250
+1 6600
-1 19800
+1 46200
-1 45200
-91 8000
+91 8000
-91 16000
+92 8000
-92 8000
666 8000
55 8000
+92 32000
666 8000
+14 36700
+2 36700
-2 36700
+2 36700
-2 146800
+2 220200
+2 36700
-4 36700
+2 36700
55 73400
682 36700
55 110100
683 110100
+1 73400
147 65900
680 32950
147 32950
-16 32950
+16 98850
-16 32950
+16 32950
689 32950
131 32950
689 65900
131 494250
686 32950
+3 32950
-3 32950
+1 65900
+2 32950
-2 32950
+2 197700
262 98850
686 18050
+3 18050
-3 18050
+1 36100
+2 18050
-2 18050
+2 108300
262 614600
fi=(239)
82 50750
fe=(236)
262 50750
fi=(239)
82 203000
fe=(236)
262 50750
fi=(239)
82 101500
fe=(236)
262 101500
fi=(239)
82 750
fe=(236)
262 250
fi=(239)
82 500
fe=(236)
262 1627200
690 344800
+13 29600
146 29600
703 29600
146 177600
703 29600
55 29600
+91 29600
704 29600
146 59200
703 29600
+1 29600
147 29600
703 29600
146 29600
-91 118400
+92 118400
-1 177600
-91 118400
705 29600
55 29600
+92 177600
705 59200
-20 383650
+30 131800
+2 73400
-27 63200
+1 31500
262 7700
cfi=(230)
cfn=(1460)
calls=100 128 
* 3500
* 750
cfi=(230)
cfn=(1460)
calls=150 128 
* 5100
fi=(226)
59 750
fe=(236)
262 250
fi=(226)
59 250
cob=(4)
cfi=(175)
cfn=(1438)
calls=250 -59 
* 4150
fe=(236)
262 2650
fi=(239)
82 400
fe=(236)
262 400
fi=(239)
82 1600
fe=(236)
262 43500
fi=(239)
82 9000
fe=(236)
262 94450
cfi=(230)
cfn=(1468)
calls=250 80 
* 7700
* 1700
131 175500
695 13500
131 94500
-76 13500
+76 13500
695 54000
55 13500
695 13500
55 13500
695 13500
55 13500
696 13500
55 13500
695 13500
+1 13500
462 100
661 8000
55 16000
661 8000
55 8000
+99 16000
662 6550
154 13100
662 6550
154 13100
-8 19650
262 350
cfi=(230)
cfn=(1482)
calls=50 -94 
* 2650
* 200
682 1100
cfi=(230)
cfn=(1482)
calls=100 168 
* 24200
* 600
+2 330300
cfn=(1484)
calls=36700 244 
* 3490050
* 110100
+1 73400
-5 3750
+35 7500
+1 30500
146 30500
716 30500
146 244000
-91 61000
+92 30500
-92 61000
+92 152500
-1 61000
+2 30500
451 73400
262 50
fi=(239)
82 100
fe=(236)
262 50
fi=(239)
82 150
fe=(236)
262 1200
cfi=(230)
cfn=(1482)
calls=200 -94 
* 31800
* 1800
723 400
131 50
723 50
131 150
cfi=(230)
cfn=(1468)
calls=50 -51 
* 4450
* 150
cfi=(230)
cfn=(1468)
calls=50 -51 
* 1850
725 200
cfi=(230)
cfn=(1468)
calls=50 80 
* 2300
+1 100
461 742550
+21 3200
-20 3200
+20 3200
+47 801500
+1 1603000
-1 1603000
+11 29350
+1 29350
-1 29350
+2 29350
+50 14971500
+3 2700
cfi=(230)
cfn=(1482)
calls=200 168 
* 31000
* 400
cfi=(230)
cfn=(1482)
calls=50 168 
* 2650
* 2250
451 200850
595 100
-83 11200
+3 11200
-2 5600
+1 16800
+1 5600
+44 25650
+1 25650
-2 9750
+1 1950
-2 1950
+16 9250
-1 18500
+1 9250
-1 9250
+4 9250
-3 9250
+1 9250
-2 9250
+2 9250
+1 18500
+1 9250
+7 18500
-71 9250
+2 9250
-2 9250
+46 9250
-46 9250
+1 9250
+1 9250
+44 9250
-45 9250
+44 9250
155 4750
+1 400
+1 1200
-1 400
+1 400
662 400
154 400
662 400
154 800
+3 3150
-1 1050
+1 1050
662 1050
154 1050
662 1050
154 2100
-8 150
+8 1400
+1 9400
+1 1300
+1 3900
-1 1300
+1 1300
663 2600
157 300
-1 100
+1 100
663 200
155 1050
+1 2100
-1 100
+1 200
413 12600
+1 4200
73 217400
+1 213200
414 4200
+1 4200
68 6100
cfn=(1502)
calls=1900 * 
* 3240950
416 12600
fi=(226)
29 2100
fe=(236)
416 6300
fi=(226)
29 2100
cob=(4)
cfi=(175)
cfn=(1492)
calls=2100 -29 
* 63950
fe=(236)
417 10500
+1 10000
106 4000
418 400
106 6350
-1 8200
+3 63900
-2 495150
+1 199700
+1 99850
-1 698950
+2 314200
-11 12600
418 4200
+2 4200
166 6512600
+1 6504200
+36 4200
-26 8400
+4 2050
-3 18450
+1 8200
-1 6600
+1 200
-1 150
+1 6934000
-1 5200500
+2 4200
+2 2100
-1 2100
-1 2100
+1 6300
+1 4200
+1 876400
-1 5206800
+1 3471200
+1 14634450
+5 14850
+7 32550
-7 10500
+22 13262800
+1 1657850
-7 6942400
+1 15614100
+2 5109750
+2 115800
-1 77200
+1 350700
-1 292250
421 2100
-1 2100
+1 6300
753 2100
+1 4200
112 6200
-7 6300
+7 101900
-22 4200
+1 4200
+1 16800
+2 117900
+1 39300
-3 325950
+1 217300
+3 356000
422 4200
221 2100
422 2100
222 8400
-1 8400
+2 115050
-1 2478000
+1 6195000
+1 1147800
+1 5739000
-1 43500
105 150
+6 100
+1 100
227 10500
-6 12600
+6 10615700
68 600
cfn=(1508)
calls=200 * 
* 8907150
* 200
417 2400
cfi=(230)
cfn=(1482)
calls=100 168 
* 16700
+1 100
-1 300
-1 1300
cfi=(230)
cfn=(1482)
calls=50 168 
* 2650
* 150
262 200
fi=(239)
82 3900
fe=(236)
+95 1150
cfi=(230)
cfn=(1482)
calls=50 -9 
* 2650
* 200
+1 100
+8 8400
-57 7700
cfn=(1506)
calls=500 * 
* 23529300
* 2000
+58 291950
+3 4200
-1 8400
+3 8126500
-2 8648300
+1 1730200
+1 1730200
-1 13841600
+2 629400
+2 15750
+1 9750
-67 1600
cfn=(1504)
calls=1600 * 
* 3911400
* 6400
+66 1500

fn=(1458)
31 150
+1 150
cfi=(230)
cfn=(1460)
calls=50 +96 
* 18794
+1 100
-1 50
+1 50
-1 50
+2 50
-1 50
cfn=(1470) gwf_ed_index_arc_core
calls=50 -16 
* 15650

fn=(1504)
129 5675200

fn=(1510)
759 450
+4 50
-2 150
-1 150
+2 300
-1 1100
+2 150
cfi=(230)
cfn=(1460)
calls=50 128 
* 2250
+3 50
-3 150
+2 150
+2 450
-1 1250
+3 50
-1 50
+1 100
-4 100
+5 350
-1 50
+1 200
-1 250
+1 350
-1 50
+1 200
-1 250
+2 300

fn=(1470)
17 500
+2 100
-2 50
-4 200
cfn=(1472)
calls=50 * 
* 4000
+7 250
+1 5800
+2 700
+1 1050
+1 350
-1 700
-4 1650
+8 300

fl=(224)
fn=(1360)
5507 100
+1 100
-1 150
+1 50
cob=(4)
cfi=(175)
cfn=(1362)
calls=50 0 
* 35611
+1 150
fi=(226)
29 400
fe=(224)
5521 250

fn=(1370)
5489 150
+9 50
-9 100
+9 50
-9 50
+9 50
cob=(4)
cfi=(175)
cfn=(1362)
calls=50 0 
* 7925
+2 100
+1 50
-1 450
+1 50
-1 450
+1 50
-1 200
+1 50
+2 100
+2 200

fn=(1358)
77 1
+1 1
+1 1

fn=(1394)
5429 100
+1 50
-1 50
+1 50
-1 100
+1 50
cob=(4)
cfi=(175)
cfn=(1362)
calls=50 0 
* 14429
+1 100
-1 50
+1 50
cob=(4)
cfi=(175)
cfn=(1376)
calls=50 0 
* 2495
* 50
+1 100
+2 250

fn=(1706)
3598 250
+3 250
+1 50
-1 50
+1 150
4952 100
cob=(4)
cfi=(175)
cfn=(1572)
calls=50 0 
* 5400
3602 100
-1 100
+1 300
4952 200
cob=(4)
cfi=(175)
cfn=(1572)
calls=100 0 
* 14642
+2 300
cob=(4)
cfi=(175)
cfn=(1572)
calls=150 0 
* 16192
3601 300
+3 100
cob=(4)
cfi=(175)
cfn=(1572)
calls=50 0 
* 5281
+2 50
-1 50
+1 100
-1 50
cob=(4)
cfi=(175)
cfn=(1572)
calls=50 0 
* 5400

fn=(1708)
5444 350
+2 250
+1 100
4998 100
cob=(4)
cfi=(175)
cfn=(1572)
calls=50 0 
* 4388
5447 700
4998 700
cob=(4)
cfi=(175)
cfn=(1572)
calls=350 0 
* 35633
+1 800
cob=(4)
cfi=(175)
cfn=(1572)
calls=400 0 
* 40891
+1 800
cob=(4)
cfi=(175)
cfn=(1572)
calls=400 0 
* 38100
+1 800
cob=(4)
cfi=(175)
cfn=(1572)
calls=400 0 
* 38100
+1 1200
+3 400
5446 400
5005 400
cob=(4)
cfi=(175)
cfn=(1572)
calls=400 0 
* 43037
5446 800
+4 100
cob=(4)
cfi=(175)
cfn=(1572)
calls=50 0 
* 9437
+3 50
-1 50
+1 200
-1 50
cob=(4)
cfi=(175)
cfn=(1572)
calls=50 0 
* 5400

fn=(1388)
5024 3300
+5 550
-9 550
+9 2500
+1 400
-11 200
+1 400
-1 200
+1 200
cob=(4)
cfi=(175)
cfn=(1390)
calls=200 0 
* 8800
-1 350
+1 350
cob=(4)
cfi=(175)
cfn=(1390)
calls=350 0 
* 37058
+1 550
-7 550
+6 550
+1 550
-8 1650
+1 1650
cob=(4)
cfi=(175)
cfn=(1390)
calls=550 0 
* 34294
+1 550
-1 550
+1 550
+21 2200
-7 1050

fn=(1396)
5455 2400
+1 400
+3 400
-3 800
+7 800
+1 400
+2 1600
-7 100
cob=(4)
cfi=(175)
cfn=(1390)
calls=50 0 
* 131897
* 200
+4 100

fn=(1682)
3620 18
+3 2
-1 2
-2 2
+3 10
+1 2
fi=(223)
79 12
cob=(4)
cfi=(175)
cfn=(1684)
calls=2 -79 
* 1608
fe=(224)
3624 4
fi=(223)
79 24
cob=(4)
cfi=(175)
cfn=(1684)
calls=4 -79 
* 3216
fe=(224)
3625 6
4944 6
+1 6
+1 24
fi=(223)
79 36
fe=(224)
4946 6
fi=(223)
79 6
cob=(4)
cfi=(175)
cfn=(1684)
calls=6 -79 
* 5108
* 252
fe=(224)
4946 42
fi=(223)
79 42
cob=(4)
cfi=(175)
cfn=(1684)
calls=42 -79 
* 35564
fe=(224)
4946 96
fi=(223)
79 12
fe=(224)
3623 12
fi=(223)
79 6
cob=(4)
cfi=(175)
cfn=(1698)
calls=6 -79 
* 1140
fe=(224)
3623 18
+6 2
fi=(223)
79 4
fe=(224)
3629 12
fi=(223)
79 2
cob=(4)
cfi=(175)
cfn=(1698)
calls=2 -79 
* 380
fe=(224)

fn=(1372)
4970 1200
+1 400
-1 2400
+1 400
-1 1200
+1 400
cob=(4)
cfi=(175)
cfn=(1362)
calls=400 0 
* 70102
+1 800
-1 400
+1 400
cob=(4)
cfi=(175)
cfn=(1374)
calls=400 0 
* 11950
+1 400
+1 400
+1 400
-3 400
+3 400
+1 400
-1 800
cob=(4)
cfi=(175)
cfn=(1376)
calls=400 0 
* 19339
fi=(226)
95 1200
fe=(224)
4975 800
fi=(226)
95 400
cob=(4)
cfi=(175)
cfn=(1380)
calls=400 -95 
* 22650
fe=(224)
4977 400
5472 400
4976 400
5472 400
cob=(4)
cfi=(175)
cfn=(1376)
calls=400 0 
* 30903
* 400
+1 197450
4978 400
+1 400
+1 400
-2 400
+5 400
-2 400
+2 3200
5473 600

fn=(1408)
3593 50
+1 150
cob=(4)
cfi=(175)
cfn=(1362)
calls=50 0 
* 7909

fn=(1656)
4868 3675
+1 7350
-1 18375
+5 14700
+5 17625
+1 1050
+3 1050
-3 1050
+3 1050
cob=(4)
cfi=(175)
cfn=(1390)
calls=1050 0 
* 182767
+1 1050
-1 1050
+1 2100
+1 1050
+4 4200
-14 150
+1 300
cob=(4)
cfi=(175)
cfn=(1376)
calls=150 0 
* 21273
* 150
+1 150
+1 150
+11 600
-2 2475
+2 9900

fl=(230)
fn=(1404)
47 100
161 150
cob=(4)
cfi=(175)
cfn=(1362)
calls=50 0 
* 8196
43 50
+4 100

fn=(1468)
80 8800
+4 17600
+1 17400
-5 8600
+10 8600
+19 8600
-20 8600
+20 8600
+1 8600
-1 17200
+1 16100
-1 68100
+1 19900
+1 43000
+3 20000
+4 8600
-5 8600
+5 43000
+4 17200
+2 8600
+1 8600
-15 18200
-30 32200
+39 4300
+1 4300
-1 4300
+2 4300
+4 8600
-13 3300
+1 3300
-1 3300
+1 3400
-27 200
cob=(4)
cfi=(175)
cfn=(1572)
calls=100 -86 
* 35421

fn=(1478)
157 2300
+3 4600
-3 4600
+3 4600
+1 4600
+1 6900
cfn=(1460)
calls=2300 -34 
* 79050
fi=(226)
59 9200
cob=(4)
cfi=(175)
cfn=(1438)
calls=2300 -59 
* 32150
fe=(230)
165 2300
fi=(226)
59 2300
fe=(230)
165 4600

fn=(1668)
50 50
+4 100
-4 200
+6 50
-1 50
+1 150
+1 100
+1 100
cfn=(1468)
calls=50 +22 
* 30509
-2 100
+6 50
-1 100
+1 100
-1 50
cfn=(1468)
calls=50 +19 
* 5612

fn=(1460)
128 8700
+5 17400
-5 34800
+6 17400
+3 8700
-2 17400
+2 17400
+2 8650
+1 32950
-1 2600
+1 7800
+10 7800
-82 100
+2 50
-2 200
+1 100
+1 50
cfn=(1461) kmalloc'2
calls=50 +58 
* 13144
+1 100
+1 100
+2 50
+1 100
-3 100
+2 50
+1 50
cfn=(1468)
calls=50 +5 
* 1950
+1 50
+75 100
-10 17400
+2 15800
+1 15800
+1 7900
+2 7900
+1 7900
+6 31600
-7 800
+1 800
+6 3200
-13 2400
-3 300

fn=(1461)
128 50
+5 100
-5 200
+6 100
+20 50
-20 50
+20 100
-20 50
cob=(4)
cfi=(175)
cfn=(1376)
calls=50 0 
* 12444

fn=(1482)
168 29600
+4 7400
+3 7400
+1 7400
+2 1150
+1 1150
-1 2300
+1 2300
+1 2300
cfn=(1460)
calls=1150 -52 
* 41750
fi=(226)
29 3450
fe=(230)
180 1150
fi=(226)
29 1150
cob=(4)
cfi=(175)
cfn=(1492)
calls=1150 -29 
* 715800
fe=(230)
182 3450
cfn=(1468)
calls=1150 80 
* 60250
+2 10600
-8 2550
+8 10200
-8 2550
cfn=(1460)
calls=2550 -48 
* 84650

fl=(233)
fn=(1448) std::_Hashtable<int, std::pair<int const, _gssw_node*>, std::allocator<std::pair<int const, _gssw_node*> >, std::__detail::_Select1st, std::equal_to<int>, std::hash<int>, std::__detail::_Mod_range_hashing, std::__detail::_Default_ranged_hash, std::__detail::_Prime_rehash_policy, std::__detail::_Hashtable_traits<false, false, true> >::_M_rehash(unsigned long, unsigned long const&)
2559 400
436 100
fi=(232)
134 200
+17 150
cob=(4)
cfi=(175)
cfn=(1416)
calls=50 0 
* 3395
fi=(231)
2046 150
fi=(232)
151 50
fi=(231)
2046 50
cob=(4)
cfi=(175)
cfn=(1438)
calls=50 0 
* 1050
fi=(232)
104 50
fe=(233)
465 50
2588 50
+2 100
456 50
-8 100
2614 50
+1 50
-41 300

fn=(1432)
2559 400
436 100
fi=(232)
134 200
+17 150
cob=(4)
cfi=(175)
cfn=(1416)
calls=50 0 
* 3395
fi=(231)
2046 150
fi=(232)
151 50
fi=(231)
2046 50
cob=(4)
cfi=(175)
cfn=(1438)
calls=50 0 
* 1050
fi=(232)
104 50
fe=(233)
465 50
2588 50
+2 100
456 50
-8 100
2614 50
+1 50
-41 300

fn=(1446)
2166 4000
+8 400
-8 400
+8 800
-2 1600
+2 400
cob=(4)
cfi=(175)
cfn=(1422)
calls=400 0 
* 11200
+3 800
2011 1750
2187 400
+2 4050
-10 150
cfn=(1448)
calls=50 2559 
* 6345
fi=(231)
528 100
fe=(233)
2011 50
fi=(231)
528 100
fe=(233)
2011 200
+12 800
+1 400
+2 1200
fi=(235) /usr/include/c++/13/bits/functional_hash.h
154 350
fi=(231)
528 700
fe=(233)
2029 350
+2 1200

fl=(211)
fn=(1782)
0 9
cob=(4)
cfi=(175)
cfn=(1788)
calls=1 0 
0 134
0 1
cfn=(1798) 0x0000000000002a80
calls=1 0 
0 5
0 3

fn=(1798)
0 5

fn=(1568)
0 1100
cob=(4)
cfi=(175)
cfn=(1362)
calls=50 0 
0 12834
0 1350
cfn=(1570) sw_sse2_byte
calls=50 0 
0 3776112
0 1150
cob=(4)
cfi=(175)
cfn=(1572)
calls=50 0 
0 4445
0 700
cob=(4)
cfi=(175)
cfn=(1362)
calls=50 0 
0 12536
0 14350
cfn=(1562) qP_byte
calls=50 0 
0 282942
0 900
cfn=(1570)
calls=50 0 
0 886155
0 200
cob=(4)
cfi=(175)
cfn=(1572)
calls=50 0 
0 4350
0 100
cob=(4)
cfi=(175)
cfn=(1572)
calls=50 0 
0 4891
0 550
cob=(4)
cfi=(175)
cfn=(1572)
calls=50 0 
0 4350
0 1750
cob=(4)
cfi=(175)
cfn=(1376)
calls=50 0 
0 2350
0 400
cob=(4)
cfi=(175)
cfn=(1376)
calls=50 0 
0 2495
0 150
cob=(4)
cfi=(175)
cfn=(1376)
calls=50 0 
0 2495
0 150
cob=(4)
cfi=(175)
cfn=(1376)
calls=50 0 
0 2495
0 150
cob=(4)
cfi=(175)
cfn=(1376)
calls=50 0 
0 2482
0 2950
cob=(4)
cfi=(175)
cfn=(1390)
calls=50 0 
0 21305
0 200
cob=(4)
cfi=(175)
cfn=(1390)
calls=50 0 
0 21675
0 200
cob=(4)
cfi=(175)
cfn=(1390)
calls=50 0 
0 21784
0 2100
cob=(4)
cfi=(175)
cfn=(1390)
calls=50 0 
0 54652
0 1000
cob=(4)
cfi=(175)
cfn=(1438)
calls=50 0 
0 650
0 1752150
cob=(4)
cfi=(175)
cfn=(1492)
calls=3400 0 
0 44400
0 159600
cob=(4)
cfi=(175)
cfn=(1390)
calls=50 0 
0 24515
0 10050
cob=(4)
cfi=(175)
cfn=(1376)
calls=50 0 
0 2350
0 4850
cob=(4)
cfi=(175)
cfn=(1572)
calls=50 0 
0 9524
0 100
cob=(4)
cfi=(175)
cfn=(1572)
calls=50 0 
0 4960
0 100
cob=(4)
cfi=(175)
cfn=(1572)
calls=50 0 
0 5345
0 100
cob=(4)
cfi=(175)
cfn=(1572)
calls=50 0 
0 5274
0 100
cob=(4)
cfi=(175)
cfn=(1572)
calls=50 0 
0 9519
0 750

fn=(1560)
0 800
cob=(4)
cfi=(175)
cfn=(1362)
calls=50 0 
0 9606
0 8650
cfn=(1562)
calls=50 0 
0 461436
0 1100
cfn=(1564) qP_word
calls=50 0 
0 406449
0 100

fn=(1570)
0 2500
cob=(4)
cfi=(175)
cfn=(1362)
calls=100 0 
0 30059
0 600
cob=(4)
cfi=(175)
cfn=(1362)
calls=100 0 
0 22175
0 400
cob=(4)
cfi=(175)
cfn=(1362)
calls=100 0 
0 25679
0 400
cob=(4)
cfi=(175)
cfn=(1362)
calls=100 0 
0 28044
0 400
cob=(4)
cfi=(175)
cfn=(1362)
calls=100 0 
0 29947
0 3645700
cob=(4)
cfi=(175)
cfn=(1492)
calls=3900 0 
0 93600
0 526900
cob=(4)
cfi=(175)
cfn=(1572)
calls=100 0 
0 14781
0 200
cob=(4)
cfi=(175)
cfn=(1572)
calls=100 0 
0 14742
0 200
cob=(4)
cfi=(175)
cfn=(1572)
calls=100 0 
0 14582
0 200
cob=(4)
cfi=(175)
cfn=(1572)
calls=100 0 
0 14159
0 300
cob=(4)
cfi=(175)
cfn=(1362)
calls=100 0 
0 26553
0 144050
cob=(4)
cfi=(175)
cfn=(1572)
calls=100 0 
0 10296
0 15800

fn=(1628)
0 250
cob=(4)
cfi=(175)
cfn=(1572)
calls=50 0 
0 4350
0 100
cob=(4)
cfi=(175)
cfn=(1572)
calls=50 0 
0 8663
0 150
cob=(4)
cfi=(175)
cfn=(1572)
calls=50 0 
0 4813

fn=(1314)
0 12

fn=(1564)
0 1050
cob=(4)
cfi=(175)
cfn=(1376)
calls=50 0 
0 12549
0 392850

fn=(1306)
0 12
cob=(2)
cfi=(212)
cfn=(1308)
calls=1 242 
0 419966974

fn=(1562)
0 2200
cob=(4)
cfi=(175)
cfn=(1376)
calls=100 0 
0 4978
0 737200

fn=(1626)
0 250
cob=(4)
cfi=(175)
cfn=(1572)
calls=50 0 
0 4445
0 150
cob=(4)
cfi=(175)
cfn=(1572)
calls=50 0 
0 4540

ob=(3)
fl=(160)
fn=(506)
27 1
fi=(142) ./math/../sysdeps/x86_64/fpu/multiarch/ifunc-fma.h
+2 4
+1 3
fe=(160)
-3 1

fl=(162)
fn=(518)
26 1
fi=(152) ./math/../sysdeps/x86_64/fpu/multiarch/ifunc-fma4.h
+5 4
+1 2
fe=(162)
-6 1

fl=(155)
fn=(484)
27 1
fi=(144) ./math/../sysdeps/x86_64/fpu/multiarch/ifunc-avx-fma4.h
+5 5
+1 2
fe=(155)
-6 1

fl=(153)
fn=(476)
27 1
fi=(142)
+2 4
+1 3
fe=(153)
-3 1

fl=(158)
fn=(496)
49 6

fl=(141)
fn=(440)
26 1
fi=(142)
+3 4
+1 3
fe=(141)
-4 1

fl=(149)
fn=(464)
26 1
fi=(142)
+3 4
+1 3
fe=(149)
-4 1

fl=(151)
fn=(472)
27 1
fi=(152)
+4 4
+1 2
fe=(151)
-5 1

fl=(148)
fn=(460)
27 1
fi=(142)
+2 4
+1 3
fe=(148)
-3 1

fl=(147)
fn=(456)
27 1
fi=(142)
+2 4
+1 3
fe=(147)
-3 1

fl=(157)
fn=(492)
26 1
fi=(142)
+3 4
+1 3
fe=(157)
-4 1

fl=(150)
fn=(468)
30 1
fi=(142)
-1 4
+1 4
fe=(150)

fl=(161)
fn=(510)
26 1
fi=(144)
+6 5
+1 2
fe=(161)
-7 1

fl=(156)
fn=(498)
27 1
fi=(152)
+4 4
+1 2
fe=(156)
-5 1

fn=(488)
35 1
fi=(152)
-4 4
+1 2
+3 1
fe=(156)

fl=(159)
fn=(502)
26 1
fi=(142)
+3 4
+1 3
fe=(159)
-4 1

fl=(146)
fn=(514)
27 1
fi=(144)
+5 5
+1 2
fe=(146)
-6 1

fn=(452)
34 1
fi=(144)
-2 5
+1 2
fe=(146)
+1 1

fl=(154)
fn=(480)
26 1
fi=(142)
+3 4
+1 3
fe=(154)
-4 1

fl=(184)
fn=(1940) 0x0000000000010430
0 5

fn=(624)
0 12

fn=(1930)
0 9
cob=(4)
cfi=(175)
cfn=(1936)
calls=1 0 
0 134
0 1
cfn=(1940)
calls=1 0 
0 5
0 3

fl=(145)
fn=(448)
27 1
fi=(142)
+2 4
+1 3
fe=(145)
-3 1

fl=(143)
fn=(444)
27 1
fi=(144)
+5 5
+1 2
fe=(143)
-6 1

ob=(6)
fl=(183)
fn=(1948)
0 5
cfn=(1950) 0x00000000000048f0
calls=1 0 
0 16
0 2
cfn=(1950)
calls=1 0 
0 16
0 3

fn=(1970) 0x0000000000005a60
0 5

fn=(1950)
0 32

fn=(612)
0 364

fn=(1960)
0 9
cob=(4)
cfi=(175)
cfn=(1966)
calls=1 0 
0 134
0 1
cfn=(1970)
calls=1 0 
0 5
0 3

fn=(614)
0 12

ob=(5)
fl=(178)
fn=(1818) 0x0000000000001060
0 5

fn=(592)
0 12

fn=(1808)
0 9
cob=(4)
cfi=(175)
cfn=(1814)
calls=1 0 
0 134
0 1
cfn=(1818)
calls=1 0 
0 5
0 3

totals: 421944071
